category,question,option1,option2,option3,option4,correct
國語,「每一本都同樣這幾個字：努力愛春華」上句中的「努力愛春華」出自漢代 蘇武的詩，屬於哪一種修辭？,譬喻,引用,誇飾,映襯,2
國語,下列運用的修辭，何者與其他三者不同？,誰最能和老師辯論？,誰的德行怎樣，誰的壞毛病怎樣，每個人都清清楚楚,怎麼有人天天鬥嘴，甚至還打得上保健室擦紅藥水？,我們真想不通，這裡頭究竟藏伏了什麼魔力？,2
國語,下列關於句子與修辭的配對，何者不正確？,朋友也像一面鏡子，照見了我們的優點和缺點。 譬喻,又認識了她的朋友，她的朋友的朋友 頂真,你呢？願不願意也告訴我你的成長故事呢？ 設問,你細心周到，處處為別人著想 擬人,4
國語,甲我孤零零的，彷彿被棄置於荒島 乙我想，她說的該是別人，怎會是我呢？ 以上兩句運用的修辭依序為何？,轉化、譬喻,譬喻、設問,誇飾、摹寫,疊字、轉化,2
國語,「人的相異一如書的不同。」上句運用了哪種修辭？,擬人,誇飾,排比,譬喻,4
國語,「我想，她說的該是別人，怎會是我呢？」上句運用了哪一種修辭法？,設問,類疊,借代,擬人,1
國語,下列哪一個選項使用的修辭和「細細的咀嚼」相同？,金色的樹林中有兩條岔路,江面映照的波光如白晝般明亮,雨密密的斜織著,我的心已墜入痛苦的深淵,3
國語,下列哪一個句子運用了「譬喻」修辭？,每一個路口都有希望和友誼等待著，等待著攜上你們的手，做你們忠誠的夥伴,剩下無數個空曠的日子，剩下無數個綺麗的夢，讓我重溫，讓我悄悄去追尋著歲月的溫暖,我用我這盞小小的燈照耀著你們，照耀著你們的童年時代,在啟明星升起的時候，大膽的跨出童年的門檻，然後踏上自己的小路，像蒲公英一樣，走向遙遠,4
國語,下列哪一個句子與「我用我這盞小小的燈照耀著你們，照耀著你們的童年時代」運用相同的修辭？,她在舞臺上甩動著秀髮，盡情施展她的魅力,我該如何去實現這個夢想呢？,她的頭髮有如稻草般乾枯、雜亂，令人不忍直視,人有夢想，就會付諸實行，付諸實行，就會有所收穫,3
國語,「剩下無數個空曠的日子，剩下無數個綺麗的夢，讓我重溫，讓我悄悄去追尋著歲月的溫暖。」請問我們無法從哪個詞語看出這句使用了「類疊」修辭？,剩下,日子,讓我,悄悄,2
國語,「在啟明星升起的時候，大膽的跨出童年的門檻，然後踏上自己的小路，像蒲公英一樣，走向遙遠。」此句使用「譬喻」修辭法，運用這種修辭會有什麼效果？,用其他事物比喻，讓讀者易於想像,仔細描寫所見所聞，使讀者有如身歷其境,重複字詞，使行文更有節奏感,引用名言以加強自己的論點,1
國語,１)你呢？願不願意也告訴我你的成長故事呢？２)又認識了她的朋友，她的朋友的朋友。以上兩句運用的修辭依序為何？,譬喻、設問,頂真、轉化,轉化、譬喻,設問、頂真,4
國語,下列哪一個句子沒有運用「譬喻」修辭？,我開始像蝸牛一般，戰戰兢兢的伸出觸角,我孤零零的，彷彿被棄置於荒島,我想，她說的該是別人，怎麼會是我呢？,人的相異一如書的不同，值得我們細細咀嚼,3
國語,「利用事件間的相似點，透過某一事物來說明另一個事物，使讀者更容易想像。」下列哪一句運用的修辭不能達到上述效果？,搖曳的百褶裙如美麗浪花，不斷撞擊著我的心,鋪滿油桐花的小路好似柔軟又潔白的地毯,這棵大樹像是一張大傘，為大家遮擋風雨,牠們長得一模一樣，讓人難以分辨,4
國語,「誰最能和老師辯論？誰最有把握提個問題考倒老師？還不是我們六年級。」這句話運用了哪一種修辭？,誇飾,引用,設問,映襯,3
國語,「這個階段的結束，是另一個階段的開始。」這句話運用了哪一種修辭？,誇飾,感嘆,排比,映襯,4
國語,引用是指「在文章中援用他人的話或典故、俗語等，以加強言論的真實性、說服力、表現力」，下列哪一個選項為「引用」修辭？,雖然老師們一再的說：「這個階段的結束，是另一個階段的開始」,在此刻看來，油然而生「有幸受教」的感謝,在畢業紀念冊的空白頁，一定要寫下「摯友，你是我永遠的知己」,禁不住留下「不捨」的眼淚,1
國語,「在這個狹小的天地裡，我是自在的，看書、寫作業、做自己喜歡的事。我也是寂寞的，和外在環境疏離。」上面的句子以「自在」襯托「寂寞」，使用了「映襯」修辭，成功突顯想表達的事物。 下列選項的語句中，哪一個也用了相同的技巧？,循著狹窄的山徑向前走，你就能看見廣闊的天地,救護車發出響徹天際的鳴笛聲，提醒用路人盡快讓出一條路,個性循規蹈矩的人，做起事來通常按部就班，少有疏失,別像隻蝸牛般慢吞吞的走路，我們快要趕不上火車了,1
國語,「在這個狹小的天地裡，我是自在的，看書、寫作業、做自己喜歡的事。我也是寂寞的，和外在環境疏離。」由句中的「自在」和哪一個語詞，可以看出這段文句使用了「映襯」修辭？,天地,喜歡,寂寞,外在,3
國語,「時序進入初夏的六月，知了在繁花綻放的鳳凰樹上響遍校園。」這句話運用了哪種修辭？,譬喻,類疊,摹寫,排比,3
國語,１)把頑皮的同學看成活潑，把邋遢的同學看成不拘小節，把出言不遜的同學看成直爽，回想起來全是他們的好。 ２)青春年華，要努力珍愛，珍惜每一個遊賞的機會，珍惜每一次學習的機會，珍惜每一個交朋友的機會。 以上兩句都運用到哪一種修辭？,譬喻,感嘆,對偶,排比,4
國語,「時序進入初夏的六月，知了在繁花綻放的鳳凰樹上響遍校園。」上句如實描繪了「鳳凰花開」的景象，用文字具體摹寫出對周遭景物的主觀感受。 下列何者同樣運用了「摹寫」的技巧？,花間的蝴蝶像一位小精靈,我們互道珍重，而互道珍重後就是各奔東西的時候了,他望向窗外的遠山，用滿眼的碧綠來洗滌自己的心靈,這個階段的結束，是另一個階段的開始,3
國語,「我用我這盞小小的燈照耀著你們，照耀著你們的童年時代」這個句子使用了上傳下、下接上的「頂真」技巧，表現出句子的蟬聯與節奏。 下列選項的語句中，哪一個也用了相同的技巧？,還有說不完的繽紛記憶，還有訴不盡的歡樂笑語,我將竭盡所能的努力，竭盡所能的努力直到通過考驗,但願你們就像振翅高飛的鴻鳥，順利完成心中夢想,人的一生猶如春生、夏長、秋收、冬藏的四季之旅,2
國語,「每一個路口都有希望和友誼等待著，／等待著攜上你們的手，／做你們忠誠的夥伴。」這句話運用了哪兩種修辭？,擬人、摹寫,摹寫、頂真,擬人、頂真,感嘆、譬喻,3
國語,「一同走向春天的原野，／走向夏天的大雷雨，／走向你們人生的秋天，／那無比絢麗的風景線。」此句使用「排比」修辭法，運用這種修辭會有什麼效果？,用其他事物比喻，讓讀者易於想像,仔細描寫，使讀者有如身歷其境,用誇張的渲染手法，使事物的形象更加鮮明,表達同性質的概念，使文句富含節奏美感,4
國語,「每一個路口都有希望和友誼等待著，／等待著攜上你們的手，／做你們忠誠的夥伴。」此句中使用了「頂真」修辭的是哪個語詞？,希望和友誼,攜上你們的手,等待著,你們,3
國語,努力愛春華一文中，作者對哪一次的畢業季印象最深刻？,國小,國中,高中,大學,1
國語,從努力愛春華的情節判斷，以下關於作者同學的描述，何者不正確？,同學之間彼此很熟悉,擔任許多學校重要職務,會和老師爭辯,同學之間從來沒爭吵,4
國語,努力愛春華一文中，老師在畢業紀念冊上的題字有什麼用意？,告誡畢業生注意行為,叮嚀畢業生珍惜光陰,教導畢業生幫忙家務,引導畢業生進入職場,2
國語,努力愛春華中，老師的叮嚀讓學生有什麼感受？,感受到師長的期許和愛護,讓學生叫苦連天,一點也無所謂,厭惡老師的不守信用,1
國語,努力愛春華中，文中說：「他害我們對他又不守信了一次。」這是什麼意思？,學生們早上來不及起床上學，都沒有去參加畢業典禮,學生們在典禮上忘記歌詞，沒有把驪歌好好的唱完,學生們自認能遵守不哭的約定，但是被牽引情緒反而哭了,學生們都沒有讓家長知道畢業典禮的時間，無家長去觀禮,3
國語,打開心中的窗一文，作者原本的個性如何？,外向活潑,粗暴兇惡,開朗主動,內向害羞,4
國語,打開心中的窗一文末段，用什麼方式結尾？,以名人的名言做結論,以問句和讀者對話,以成語總結全文,以寓言故事當結尾,2
國語,打開心中的窗一文中，作者小學畢業後，生活上發生什麼轉變？,養了寵物，作者感到生活變有趣了,搬家了，來到陌生的環境,家中新添了小寶寶，要幫忙照顧，生活變忙碌了,奶奶到家中長住，作者有了說話的伴,2
國語,打開心中的窗一文中，作者升上中學有何改變？,找工讀的機會，學習工作技能,像蝸牛一樣縮在殼中，不想和他人接觸,主動和同學交談，交了許多好友,在運動項目上嶄露頭角，變得開朗活潑,3
國語,打開心中的窗一文中，作者用哪一種動物，來形容「改變的第一步」？,貓咪,蝴蝶,蠶寶寶,蝸牛,4
國語,打開心中的窗一文中，作者將朋友比喻成什麼？,蝸牛和窗戶,書籍和鏡子,美食和旅遊,遊戲和運動,2
國語,打開心中的窗一課中，作者打開心中的窗後，獲得了什麼？,原諒,友誼,成名,尊敬,2
國語,在每一個孩子都有一條自己的小路一詩中，作者將自己比喻成什麼？,啟明星,蒲公英,一盞燈,忠誠的夥伴,3
國語,在每一個孩子都有一條自己的小路一詩中，作者在孩子們離去之後，心中有什麼期盼？,孩子未來都能一直平安快樂,孩子未來都能有很好的成就,孩子未來能常回學校來探望,能收到孩子未來寄來的消息,4
國語,依據每一個孩子都有一條自己的小路這首詩，詩中的「小路」指的是什麼意思？,未來各自發展的方向與人生經歷,孩子每日上學時的必經路線,克服失敗並重新站起來的過程,改變人生的重要契機,1
國語,在每一個孩子都有一條自己的小路一詩中，作者為什麼用「在延伸著」來描述孩子們各自的小路？,表示與成功的距離，藉以叮囑孩子千萬不可懈怠,表示孩子不斷成長，呈現一種向前邁進的希望和動力,表示誘惑的增加，用以勉勵孩子堅定信念，不要受到影響,表示選擇的單一性，進而強調做選擇時一定要三思而行,2
國語,依據每一個孩子都有一條自己的小路這首詩的內容，作者的身分最有可能是什麼？,父母,老師,同學,司機,2
國語,根據每一個孩子都有一條自己的小路這首詩的內容，「這盞小小的燈」代表著什麼樣的意涵？,提醒孩子們要注意用眼的習慣,期許孩子們能學會節能減碳,叮嚀孩子們要時刻保持溫暖的心,顯示出對孩子們的深切關懷與支持,4
國語,在每一個孩子都有一條自己的小路一詩中，「門檻」是用來比喻什麼？,考試的及格標準,各種不同的困難,能力高低的指標,童年和成長的分界,4
國語,在每一個孩子都有一條自己的小路一詩中，作者利用自然景觀來代表孩子們未來可能遭遇到的種種，請問下列哪一個配對最不適當？,高山代表挑戰,草原代表自由,森林代表探索,海岸代表傷害,4
國語,在每一個孩子都有一條自己的小路一詩中，作者以蒲公英來期許孩子能夠如何？,安於現狀,居安思危,乘風飛翔,隱藏自己,3
國語,關於每一個孩子都有一條自己的小路一詩的寫作特色，下列哪一項敘述錯誤？,將抽象的情意透過具象事物傳遞出來,用各種自然景觀傳達未來的無限可能,作者將自己比喻成燈，期許能為孩子照亮前方的路,本詩為父母對即將畢業的孩子們所寄予的祝福,4
國語,根據打開心中的窗課文內容，作者的改變是發生在什麼時候？,照完鏡子後,進入中學後,打開窗戶後,進入大學後,2
國語,在打開心中的窗一文中，朋友為什麼會認為作者非常可愛？,作者像鏡子，很會模仿同學,作者很幽默，總是能逗笑大家,作者的學問淵博，能幫大家解決各種問題,作者與朋友往來總是細心殷勤，處處為別人著想,4
國語,依據打開心中的窗一文，朋友的話讓作者獲得了什麼體悟？,只要打開心中的窗，就沒有人能夠打敗自己,只要打開心中的窗，便能為自己贏得許多彌足珍貴的情誼,只要打開心中的窗，便會遇到許多逆境和困難,只要打開心中的窗，別人就會失去了對自己的好奇,2
國語,根據打開心中的窗課文，有關「作者」的敘述，何者錯誤？,在中學時代有了改變,覺得人都是完美無缺的,曾試著和鄰座同學攀談,認為朋友像書，也像鏡子,2
國語,在打開心中的窗的課文裡，作者如何描寫自己一開始升上中學的狀態？,就像一面照見優缺點的鏡子,環境充斥了陽光，周遭開滿了花朵,孤零零的，彷彿被棄置於荒島,如同一本本內容豐富的書,3
國語,在打開心中的窗一文中，「害羞的繭」指的是什麼？,別人給自己的期許,不完美的自己,自己設下的限制,自身的缺點,3
國語,在打開心中的窗一文中提到：「人的相異一如書的不同，值得我們細細咀嚼，多加學習。」這句話的意思是什麼？,每個人喜歡的書本類型都不同，而每一種書都值得我們去閱讀,每個人都有不同之處，就好像各種書籍，值得我們學習,人的長相跟書本一樣有各種種類，不需要互相比較,人的際遇都不同，可以查找書本，學習如何面對,2
國語,打開心中的窗一文的主旨為何？,打開心扉，展現與人交往的誠意，能為自己贏得珍貴的情誼,鼓勵學生在求學途中要勤勉學習，立定志向，方能有所成就,求學過程中會遇到很多交友問題，因此最好緊閉心房，以免影響課業,只有力求改變，人才能在社會的急湍中不斷向前,1
國語,根據打開心中的窗課文的敘述，剛開始與鄰座同學攀談時，作者的心情較可能會是如何？,開心,氣憤,興奮,緊張,4
國語,根據打開心中的窗課文的描述，作者進入中學前，在認識朋友這件事上，一直扮演著什麼樣的角色？,引導他人的燈塔,被選擇的人,熱情洋溢的蝴蝶,連結的橋梁,2
國語,在讀了打開心中的窗一文後，根據課文內容，如果想為課文更換標題，下列哪一個選項比較適當？,理性溝通創造雙贏,珍愛光陰收藏美好,敞開心扉拓展人際,勇敢抉擇攜手前行,3
國語,關於打開心中的窗一文的寫作特色，下列哪一項敘述錯誤？,文中使用許多誇飾技巧來描述轉變的心路歷程,運用相似事物來做聯想，以表達情感與想法,用自身的經驗來當作例子,以第一人稱來書寫,1
國語,根據打開心中的窗課文內容，關於作者說的「打開心中的窗」，下列何者最不可能是這句話所想表達的意涵？,增強自身的學習技巧,開啟與人的連結和互動,讓朋友進入到自己的世界,將自己的生命與他人分享,1
國語,ㄅ作者敞開心扉，試著交朋友 ㄆ作者進入中學後，覺得孤單寂寞，彷彿被棄置荒島 ㄇ作者發現待人友善誠懇，就能為自己贏得友誼 ㄈ作者以前的性格很害羞 關於打開心中的窗所提到的內容，依序應該怎樣排列？,ㄇ ㄅ ㄆ ㄈ,ㄅ ㄇ ㄆ ㄈ,ㄈ ㄇ ㄆ ㄅ,ㄈ ㄆ ㄅ ㄇ,4
國語,依據努力愛春華的課文，作者特別記得國小的哪個時候？,剛入學時,升上三年級時,中年級的戶外教育日,畢業那年的六月,4
國語,在努力愛春華一文中，下列哪個不是六年級學生給人的印象？,最健壯的,最自卑的,最有學問的,最有權力的,2
國語,在努力愛春華一文中提到：「在六月之前，我們是學校裡最健壯、最有學問、最有權力的，說是最高傲的一群也可以，不是嗎？」上述文字中用「也可以」來表達，最有可能具有什麼意涵？,藉此附和他人的想法,對年少幼稚行為的不好意思,對過去進行懺悔,不確定是否能這樣說,2
國語,依據努力愛春華的課文，進入六月後，下列何者不是六年級生所發生的改變？,心變得溫柔,只想起同學的好,每天和老師不斷的爭吵,對校園環境有了不捨的情緒,3
國語,在努力愛春華的課文裡，為什麼時序進入六月後，大家回想起同學來時，全是他們的好？,同學們的壞習慣都改掉了,大家的記憶隨著年紀增長而模糊不清了,因為老師要求大家都只能做好事,即將分別所帶來的不捨，讓想法發生了轉變,4
國語,在努力愛春華一文中，作者沒有用何者來營造六月畢業季的情景？,白雪紛飛,盛開的鳳凰樹,練唱驪歌,知了的鳴叫聲,1
國語,在努力愛春華一文中，為什麼老師要一再說「這個階段的結束，是另一個階段的開始」、「地球是圓的，總有再見面的時候」等話語？,勸勉學生不忘初心，堅持己見,勸勉學生不要捨不得，而是要向前看,鼓勵孩子多精進語文常識,鼓勵孩子多去旅行，並與大家分享經驗,2
國語,根據努力愛春華課文的敘述，老師一本一本題字的舉動，表達出了什麼樣的意涵？,同學們的要求很多,距離畢業還有很長的時間,老師心胸寬廣，且不計前嫌,對這件事的重視,4
國語,在努力愛春華一文中，作者想著老師的題字，心中有慚愧，也有期望。下列關於慚愧與期望的配對，何者錯誤？,慚愧：曾說出傷害老師的話,慚愧：曾有吵架、打架的行為,期望：對未來充滿希望,期望：好好把握青春,1
國語,根據努力愛春華的課文內容，關於作者國小六年級的回憶，下列何者沒有出現？,六月之前,進入六月,謝師宴當天,畢業當天,3
國語,在努力愛春華一文中，作者將國小六年級的回憶，分成三個時間點來敘述，下列何者最不可能是作者如此呈現的用意？,帶出不同時間點的心境,清晰的展現時間的流逝,讓讀者體會回憶的珍貴及對青春的感懷,展現自己的寫作手法與眾不同,4
國語,在努力愛春華一文中，「你是我永遠的知己」，是作者想對何者表達的？,教導自己學習的所有老師,陪伴自己成長的父母,知禮、好學又熱心助人的同學,校園裡所有的一草一木,3
國語,根據努力愛春華課文的敘述，在練唱中途，禁不住流下「不捨」的眼淚的人，他當時的心情最有可能是如何？,喜悅,期待,氣憤,難過,4
國語,依據努力愛春華的課文，下列關於「努力愛春華」的敘述，何者錯誤？,是老師獨創的句子,春華原是指春天的花朵,春華在這課是用來比喻美好時光,這句話跟珍惜光陰有關,1
國語,「有一群搗亂的小朋友把回□垃圾亂丟，□察隊□他們重新整理好。」上句□中依序填入哪一組字？,收／糾／叫,收／叫／糾,糾／叫／收,糾／收／叫,1
國語,「沒有先掃地就直接拖地，地板反而更髒了。」上句畫線的部分具有什麼樣的作用？,假設,遞進,選擇,轉折,4
國語,下列「」中的字音，哪一個和「諱疾忌醫」的「諱」相同？,「韋」編三絕,「萎」靡不振,豐功「偉」業,諄諄教「誨」,4
國語,下列「」中的注音寫成國字後，哪一組用字不同？,「糾」正／「糾」結,真「智」／誠「智」,「拘」謹／「拘」役,謙「遜」／資「遜」,4
國語,下列選項中的「嚼」，哪一個讀音與其他三者不同？,嚼舌,細嚼慢嚥,咬文嚼字,咀嚼,4
國語,「姐姐對這部名『著』非常『著』迷，不只看了五次，還『著』手將它畫成漫畫。沒想到她不小心打翻水，弄溼了畫作，讓她『著』急的哭了。」這段話的「著」字，讀音依序為何？,朝／啄／住／著,啄／朝／著／朝,住／著／啄／朝,著／啄／朝／住,3
國語,「即使相隔千里，我們之間的情誼依然無『比』深厚，可謂是天涯若『比』鄰。」『比』的讀音分別是什麼？,逼／鼻,鼻／比,比／比,畢／逼,3
國語,下列哪一個字讀二聲？,「蒲」公英,「綺」麗,「夥」伴,門「檻」,1
國語,下列「」中的字，哪一組讀音兩兩相同？,「綺」麗／「崎」嶇,「誦」讀／兵馬「俑」,空「曠」／「擴」充,「蔚」藍／「慰」問,4
國語,「他和『夥』伴一起努力『移』除路上的障礙。」『』中字的讀音分別是什麼？,夥／夥,夥／移,移／夥,移／移,2
國語,下列「」中的注音，何者錯誤？,「忠」厚老實：忠,「蒲」公英：普,傳「誦」：誦,合「夥」：夥,2
國語,下列「」中的字，哪一個讀音和「空曠」的「曠」相同？,「擴」展,「廣」場,「礦」石,「黃」蜂,3
國語,下列語詞「」中的字，哪一個讀音與其他三個不同？,「綺」麗,「奇」特,「騎」乘,「崎」嶇,1
國語,門「檻」、「監」視、評「鑑」、氾「濫」，上面「」中的字，共有幾種不同的字音？,一種,兩種,三種,四種,4
國語,「他以『忠』誠待人，因而在團隊『中』深受大家的信任。」『』中字的讀音分別是什麼？,中／宗,忠／中,宗／中,宗／宗,2
國語,「『蔚』藍的天空讓人看了心情都愉悅了起來。」『蔚』寫成國字後，是下列哪一個字？,尉,蔚,慰,藯,2
國語,「盡『忠』職守的他，在工作『中』始終盡心盡力，毫無懈怠。」『忠』寫成國字後，是下列哪一組字？,中／中,中／忠,忠／中,忠／忠,3
國語,下列「」中的注音寫成國字後，何者錯誤？,「忠」孝：忠,「曠」廢：曠,「誦」讀：誦,「綺」麗：奇,4
國語,下列「」中的注音寫成國字後，哪一組用字相同？,「曠」課／空「曠」,「蔚」藍／欣「慰」,「蒲」團／「匍」匐,「綺」麗／「啟」齒,1
國語,「天空尉藍，大地翠綠，我站在空礦的草地上，觀察著薄公英的旅行。」句中共有幾個錯字？,兩個,三個,四個,五個,2
國語,下列哪一個句子用字有誤？,他每天早晨都會誦讀經文,他在曠野中漫步，感受大自然的寧靜,他對工作忠誠，從來不曾懈怠,這些優美旋律，都令人不禁沉浸在椅思之中,4
國語,「這家店有一個忠誠的夥計，每日都站在門檻前朗蛹著口號以招攬客人，做事也非常認真，而且從不曠職。」句中的哪一個字是錯字？,忠,蛹,檻,曠,2
國語,下列「」中的語詞，哪些用字有誤？ ㄅ「蒲公英」默默飛向遠方 ㄆ花園裡長滿「崎麗」花朵 ㄇ妹妹站在「門鑑」觀望 ㄈ他對國家「忠心耿耿」,ㄅㄆ,ㄅㄇ,ㄆㄇ,ㄆㄈ,3
國語,「村民在『曠』野中發現了豐富的鐵『礦』。」『曠』寫成國字後，是下列哪一組字？,曠／礦,礦／曠,礦／礦,曠／曠,1
國語,下列部首何者錯誤？,綺：糸部,曠：日部,蔚：寸部,檻：木部,3
國語,下列部首何者錯誤？,夥：木部,忠：心部,誦：言部,蒲：艸部,1
國語,下列哪一個字，與「夥」的部首相同？,炙,夠,查,畔,2
國語,下列哪一個字，與「蒲」的部首相同？,傅,江,夢,葡,4
國語,下列選項中，哪一組字的部首兩兩相同？,綺／奇,檻／監,夥／炙,蔚／蓆,4
國語,下列哪一個字的部首及部首外的筆畫數正確？,蔚：寸部／十二畫,誦：言部／六畫,檻：木部／十四畫,夥：木部／十畫,3
國語,下列選項中，哪一組字的總筆畫數兩兩不同？,誦／碟,夥／夢,蔚／黎,檻／離,2
國語,下列哪個選項的總筆畫數和「夥」不同？,蔚,蒲,綺,誦,1
國語,下列哪個選項的總筆畫數最多？,曠,蔚,檻,綺,1
國語,下列哪個選項的總筆畫數和「誦」相同？,塗,範,漂,雕,3
國語,「進入花園前，我們需要跨過一道低矮的門□。」□中應填入哪個字？,監,濫,檻,鑑,3
國語,「□計」、「□動」、「奢□」□中應分別填入哪些字？,夥／侈／移,移／夥／侈,侈／移／夥,夥／移／侈,4
國語,下列語詞中的「蔚」，哪一個用法正確？,欣「蔚」,「蔚」藍,美「蔚」,「蔚」置,2
國語,下列何者最不適合用「綺麗」來形容？,車禍現場,建築,自然景觀,服裝,1
國語,下列何者用「蔚藍」來形容最貼切？,夕陽,海洋,月光,雷雨,2
國語,下列何者最不適合用來形容「夥伴」？,空曠,大膽,忠誠,歡樂,1
國語,「即使我們隔著遙遠的距離，但深厚的情意卻未改變過。」句中的「遙遠」換成下列哪一個語詞後，意思不變？,附近,眼前,鄰近,迢遙,4
國語,下列「」中的語詞，哪一個替換後，句子意思不變？,「蔚藍」大海中，有魚群自由的穿梭其中 蔚然,他是這間公司最「忠誠」的員工 忠臣,我和「夥伴」們一起完成了探險任務 同伴,城市邊緣有一片「空曠」的草地 曠野,3
國語,「忠誠」是形容誠心盡力的意思。下列哪一個句子裡的「忠誠」用法不適當？,「忠誠」的行為讓他失去了朋友的尊重與信任,老僕人多年的「忠誠」，使他成為家中不可或缺的一份子,這名軍人「忠誠」愛國，願意付出一切以保衛人民安全,士兵們十分「忠誠」，無論遇到什麼樣的困境都不願撤退,1
國語,下列語詞中的「綺」，哪一個用法錯誤？,「綺」麗,「綺」飛,「綺」窗,「綺」思,2
國語,「她輕聲□讀那首感人的詩，讓在場的人都深受感動。」□中應填入哪個字？,俑,誦,蛹,桶,2
國語,「□野」、「□張」、「□坑」□中應分別填入哪些字？,曠／礦／擴,擴／礦／曠,礦／曠／擴,曠／擴／礦,4
國語,「孩子們哪□我相信，不久後我還能看到你們的信箋，並一字一句的誦讀，你們所寄來的祝福。」□中應該填入哪個標點符號？,、,；,？,！,4
國語,「他即將前往那遙遠的□閃著藍色光芒的海岸。」□中應該填入哪個標點符號？,：,？,、,,3
國語,下列「」中的語詞，哪一個和「一字一句的誦讀」的「誦讀」一樣，表示一種動作？,剩下無數個「空曠」的日子,我用我這盞小小的燈「照耀」著你們,大膽的跨出童年的「門檻」,一同走向春天的「原野」,2
國語,下列哪一個選項和「跨出童年的門檻」結構相同？,揮灑青春的汗水,努力的收集徽章,用心的搭建橋梁,勇敢積極的爭取,1
國語,關於「」中的量詞，下列哪一個使用錯誤？,「一條」小路,「一座」高山,「一件」燈,「一片」海,3
國語,「一片」最不適合用來形容下列何者？,森林,洞穴,樹葉,草原,2
國語,下列哪一個選項和「歲月的溫暖」結構相同？,盡情的奔跑,慢慢的練習,藍藍的天空,心靈的傷痕,4
國語,「月考前，我會認真書寫評量卷，□□針對錯題進行修正。」空格中應填入下列哪一個關聯詞？,然後,但是,還是,只要,1
國語,「比賽前，教練研究了對手的特性，然後研擬出對應的戰術。」從上句的「……然後……」來判斷，這個句子屬於哪一種句型？,並列複句,轉折複句,假設複句,連貫複句,4
國語,幾個分句表示動作或事件連續發生，分句間有一定的先後順序，彼此相互關聯，這樣的句子叫做「連貫複句」。下列何者屬於「連貫複句」？,每天晚上，姐姐總是一邊運動，一邊聽音樂紓解壓力,這家餐廳的食材新鮮，味道獨特，因此生意一直都很好,媽媽帶我去市場買菜，然後回家為家人準備晚餐,如果明天下雨，運動會將改到室內場地進行,3
國語,「整座山丘都被盛開的花染成了『殷』紅色。」『殷』的讀音是什麼？,因,殷,眼,銀,2
國語,下列哪一個字讀二聲？,「狹」小,活「潑」,熟「稔」,「蝸」牛,1
國語,下列「」中的字，哪一組讀音兩兩不同？,「狹」隘／「峽」谷,稀「疏」／「梳」洗,心「扉」／風「扇」,誠「懇」／開「墾」,3
國語,「在這次的『競』賽中，他『兢兢』業業的努力著，不敢有絲毫的鬆懈。」『』中字的讀音分別是什麼？,警／競,競／兢,兢／競,京／警,2
國語,下列「」中的注音，何者錯誤？,「殷」切：殷,「彌」足珍貴：彌,「循」規蹈矩：盾,「敦」親睦鄰：敦,3
國語,下列「」中的字，哪一個讀音和「咀嚼」的「咀」相同？,「距」離,「拒」絕,火「炬」,規「矩」,4
國語,「潑」水、「撥」開、「廢」物、「發」現，上面「」中的字，共有幾種不同的字音？,一種,兩種,三種,四種,4
國語,下列「」中的字，哪一組讀音兩兩相同？,可「憐」／「鄰」居,「沮」喪／「咀」嚼,規「矩」／婉「拒」,遵「循」／「遁」逃,2
國語,「他用一種特別的平底『鍋』來烹調『蝸』牛。」『』中字的讀音分別是什麼？,鍋／蝸,蝸／鍋,鍋／乖,乖／蝸,1
國語,下列「」中的注音，何者正確？,「攀」爬：凡,戰戰「兢」兢：競,熟「稔」：稔,破「繭」而出：蛹,3
國語,「這間飯店最著名的，就是打開單『扉』能遠眺美景。」『扉』寫成國字後，是下列哪一個字？,扇,扁,肩,扉,4
國語,「這個『峽』谷地勢『狹』窄，是個易守難攻的天然屏障。」『狹』寫成國字後，是下列哪一組字？,挾／狹,狹／挾,峽／狹,挾／峽,3
國語,下列「」中的注音寫成國字後，何者錯誤？,「彌」補：彌,「咀」嚼：矩,「懇」求：懇,「敦」厚：敦,2
國語,下列「」中的注音寫成國字後，哪一組用字相同？,「循」規蹈矩／訪古「尋」幽,百密一「疏」／貧富懸「殊」,不甘寂「寞」／落「寞」寡歡,偷工「減」料／破「繭」而出,3
國語,「小狗那般楚楚可鄰的眼神，讓他打開了心扇，主動要求要摸摸牠。」句中共有幾個錯字？,兩個,三個,四個,五個,1
國語,下列哪一個句子用字有誤？,為了?補自己的錯誤，他決定要熬夜製作出解決方案,由於遇到返鄉車潮，讓我們現在只能蝸行在車道之中,爸爸在路上遇到熟稔的同事，便開心的和他聊了起來,哥哥剛拔完牙齒，所以不適合咀嚼太堅硬的東西,1
國語,「現在有許多習俗和規矩，還遵循著祖先的墩囑，而這些都是先人們所留下的彌足珍貴的經驗。」句中的哪一個字是錯字？,矩,循,墩,彌,3
國語,下列「」中的語詞，哪些用字有誤？ ㄅ阿奇「活潑」的向大家打招呼 ㄆ因為農民一時的「蔬忽」，讓這附近的農作物都泡水了 ㄇ輸了大隊接力比賽後，大家的背影都顯得十分「落寞」 ㄈ這個街道十分「挾窄」，因此一次只能有一個人通過,ㄅㄇㄈ,ㄅㄈ,ㄅㄆㄇ,ㄆㄈ,4
國語,「這裡的『蔬』菜因為缺少照顧而長得非常稀『疏』。」『疏』寫成國字後，是下列哪一組字？,疏／疏,疏／蔬,蔬／疏,蔬／蔬,3
國語,下列「」中的注音寫成國字後，哪一組用字相同？,誠「懇」／「懇」談,「憐」惜／「連」忙,寂「寞」／「默」劇,「潑」辣／「坡」道,1
國語,下列「」中的注音寫成國字後，何者錯誤？,「蝸」行：蝸,豐「稔」：稔,逾「矩」：矩,「循」環：尋,4
國語,下列「」中的字，哪一個去掉部首後，讀音相同？,「狹」小,柴「扉」,「潑」水,遵「循」,2
國語,下列部首何者錯誤？,稔：心部,競：儿部,矩：矢部,攀：手部,1
國語,下列哪一個字，與「憐」的部首相同？,彌,稔,懇,潑,3
國語,下列哪一個字，與「潑」的部首相同？,設,弘,葵,沼,4
國語,下列選項中，哪一組字的部首兩兩相同？,扉／扇,狹／俠,矩／拒,潑／撥,1
國語,下列哪一個字的部首及部首外的筆畫數正確？,敦：?部／八畫,殷：殳部／七畫,彌：弓部／十五畫,繭：虫部／十三畫,1
國語,下列選項中，哪一組字的總筆畫數兩兩不同？,憐／潑,懇／彌,狹／咀,扉／敦,3
國語,下列哪個選項的總筆畫數和「攀」相同？,繭,彌,懇,蝸,1
國語,下列哪個選項的總筆畫數最多？,懇,彌,潑,繭,4
國語,下列選項中，哪一組字的部首兩兩不同？,扉／扁,稔／認,競／克,憐／情,2
國語,下列部首何者正確？,稔：禾部,寞：艸部,疏：水部,循：目部,1
國語,下列選項中，哪一組字的總筆畫數兩兩相同？,彌／攀,稔／潑,矩／殷,蝸／兢,3
國語,「經過警察的抽絲剝□，事情的真相終於水落石出了。」□中應填入哪個字？,蝸,繭,扉,矩,2
國語,「□喪」、「□嚼」、「□長」□中應分別填入哪些字？,沮／咀／組,咀／組／沮,咀／沮／組,沮／組／咀,1
國語,下列語詞中的「憐」，哪一個用法有誤？,「憐」綿,「憐」惜,「憐」憫,悲「憐」,1
國語,下列何者適合用「羞怯」來形容？,與新同學開心攀談的阿靜,被誇獎而臉紅、不知所措的阿力,認真讀書而不受干擾的阿珠,主動舉手說要唱歌的阿梅,2
國語,下列何者最適合用來形容「只有一個人」的心理狀態？,被動,熟稔,保守,孤零零,4
國語,「時間已到，我們只能起身準備告別。」句中的「告別」換成下列哪一個語詞後，意思改變？,告辭,離別,送別,握別,3
國語,下列「」中的語詞，哪一個替換後，句子意思不變？,要是你「從來」沒有看過這齣歌劇，我建議你可以去看一下 向來,你若做好準備，現在就不會處於「被動」的處境了 主動,這條防火巷非常「狹小」，不適合放置個人物品 寬闊,爺爺退休後，就在鄉下過著「自在」的生活 拘束,1
國語,「殷勤」是懇切、周到的意思。下列哪一個句子裡的「殷勤」用法不適當？,老師說的這番話，包含著對同學們的「殷勤」期盼,店老闆一見客人來，就「殷勤」的上前招呼,為了能獲得重用，他在老闆面前都一直表現得很「殷勤」,母親端出水果，「殷勤」的招待著家裡的客人,1
國語,下列「」中的語詞，哪個使用不恰當？,過年期間，來祭拜的香客「人來人往」，將廟宇擠得水洩不通,經過這次的教訓，他變得「循規蹈矩」多了,她害怕被罵，因此做事情總是「戰戰兢兢」的,為了掩蓋真相，他只好撒了個「彌足珍貴」來欺騙大家,4
國語,「這個地區的民風純樸，人民的個性善良老實，讓人很是嚮往。」句中的「善良」換成下列哪一個語詞後，意思不變？,殘暴,陰險,和善,狠毒,3
國語,下列「」中的語詞，哪一個替換後，句子意思改變了？,貼上了春聯，整個家就「增添」了不少喜慶的氛圍 減少,這齣戲劇有一個令觀眾滿意的「圓滿」結局 完滿,大家都很「疑惑」，小偷究竟是如何進到室內的 困惑,他們活動方案要如何「修正」而討論了許久 修改,1
國語,「包容」是寬恕接納的意思。下列哪一個句子裡的「包容」用法不適當？,對於不同的宗教、種族，我們應採取「包容」的態度,姐姐總是一直「包容」著我，照顧著我,這個電冰箱可以「包容」超多食物,大家要長久相處，最重要的就是要互相「包容」,3
國語,下列「」中的語詞，哪個使用不恰當？,雲霧散去後，美麗的天池終於「顯露」出來了,經過他的苦苦「誠懇」，對方終於決定原諒他了,在大家的努力下，我們的技術層面終於有所「突破」了,這間空屋已經「棄置」許久，到處都長滿了雜草,2
國語,「我明白□是由於我打開了心中的窗，我的世界增添更多歌聲笑語。」□中應該填入哪個標點符號？,。,、,：,？,3
國語,下列「」中的字，哪一個和「攀談」的「攀」一樣，都是代表動作的字？,「敦」厚,「咀」嚼,「蝸」牛,循規蹈「矩」,2
國語,下列「」中的語詞，哪一個和「我總是靜靜的在角落觀望」的「觀望」一樣，表示一種動作？,「扮演」好自己的角色,敞開你的「心扉」,他的個性「保守」,他們兩個是「熟稔」的朋友,1
國語,下列「」中的語詞，哪一個不是表示一種動作？,他們已經「認識」許久,我們要和過去「告別」,這件事已經被他「發覺」了,這個味道十分「熟悉」,4
國語,關於「」中的量詞，下列哪一個使用錯誤？,「一面」明亮的鏡子,「一件」熱銷的書籍,「一個」熟悉的朋友,「一扇」狹小的窗戶,2
國語,「一面」最不適合用來形容下列何者？,鏡子,旗幟,牆壁,草原,4
國語,下列哪一個選項和「靜靜的角落」結構相同？,高高的燈塔,細細的咀嚼,快快的走路,緩緩的伸手,1
國語,「□□能團結合作，我們□□能完成任務並獲得最終勝利。」空格中應填入下列哪一組關聯詞？,只管，一定,儘管，還是,只要，終將,因為，所以,3
國語,「任何比賽的選手都要有長時間的鍛鍊，那麼，才有可能在比賽中獲得勝利。」從上句的「要……那麼……」來判斷，這個句子屬於哪一種句型？,條件句,並列句,轉折句,因果句,1
國語,「由於這條山路一遇到下雨就會坍方，政府便決定要將道路封閉。」從上句的「由於……」來判斷，這個句子屬於哪一種句型？,選擇句,遞進句,轉折句,因果句,4
國語,由兩個有條件關係的分句組成，前一個分句提出一個條件，後一個分句說明在這種條件下產生的結果，這樣的句子叫做「條件複句」。下列何者屬於「條件複句」？,因為已經達到了標準，所以政府宣布明天要停班停課,這件作品是文學經典，也是我最喜歡的小說,由於氣候不佳，我們只能放棄出門踏青的行程,只要你願意每天練習，終將有機會贏得比賽,4
國語,下列哪一個句子改寫後，意思仍然和原來的句子相似？,我不敢主動、活潑的和人交往 我不敢和主動、活潑的人交往,躲在靜靜的角落裡觀望 靜靜的躲在角落觀望,從來我是個害羞的孩子 我從來就是個害羞的孩子,彷彿被棄置荒島 荒島彷彿被棄置,3
國語,「這段緣份實屬『難』得，我們應該好好珍惜。」『難』的讀音是什麼？,難,難,藍,爛,2
國語,下列哪一個字讀三聲？,波「濤」,「迴」盪,叮「囑」,「摯」友,3
國語,「知『了』在樹上放聲高歌。」『了』的讀音是什麼？,撩,囉,了,了,4
國語,下列哪一個字讀一聲？,「德」性,出言不「遜」,「邋」遢,忌「諱」,3
國語,下列「」中的注音，何者錯誤？,「糾」察：糾,波「濤」：掏,忌「諱」：諱,鳳「凰」：凰,2
國語,下列「」中的注音，何者正確？,「權」力：前,「驪」歌：力,叮「囑」：竹,邋「遢」：蹋,4
國語,「弟弟因犯錯而被『禁』足，但媽媽『禁』不住弟弟的拜託，很快就讓他解『禁』了。」『』中字的讀音分別是什麼？,禁／禁／禁,進／進／今,今／進／今,今／進／進,1
國語,下列「」中的字，哪一組讀音兩兩不同？,「黃」色／鳳「凰」,噴「灑」／「驪」歌,「拉」車／「邋」遢,迴「盪」／「蕩」漾,2
國語,下列「」中的字，哪一個讀音和「書冊」的「冊」相同？,「撤」退,「錯」誤,「測」量,清「澈」,3
國語,下列語詞「」中的字，哪一個讀音與其他三個不同？,「自」己,文「字」,「恣」意,「摯」愛,4
國語,下列「」中的字，哪一組讀音兩兩相同？,波「濤」／「籌」備,討「厭」／「壓」力,子「孫」／謙「遜」,糟「蹋」／邋「遢」,4
國語,「我真『摯』的邀請朋友們來參加我的結婚典禮。」『摯』寫成國字後，是下列哪一個字？,縶,墊,擎,摯,4
國語,「在朋友的『囑』託下，我參加了這個受到『矚』目的活動。」『囑』寫成國字後，是下列哪一組字？,矚／囑,囑／囑,囑／矚,矚／矚,3
國語,下列「」中的注音寫成國字後，何者錯誤？,邋「踏」：塌,避「諱」：諱,「厭」倦：厭,動「盪」：盪,1
國語,「經過老師的『糾』正後，他已經了解該如何處理回收資源與垃圾了。」『糾』寫成國字後，是下列哪一個字？,赳,糾,叫,觓,2
國語,下列「」中的注音寫成國字後，何者錯誤？,浪「濤」：濤,鳳「凰」：黃,「驪」歌：驪,忌「諱」：諱,2
國語,「在畢業典禮上，當籬歌一響起，我便禁不住感傷而流下了眼淚。」句中共有幾個錯字？,三個,兩個,一個,零個,3
國語,下列「」中的注音寫成國字後，哪一組用字相同？,無「拘」無束／「居」住,「全」力以赴／選舉「權」,波「濤」洶湧／水蜜「桃」,「厭」惡／討「厭」,4
國語,「在製友的叮矚下，他終於一改往日的蠟蹋，盛裝出席此場活動。」句中共有幾個錯字？,兩個,三個,四個,五個,3
國語,下列哪一個句子用字有誤？,在這本書策的背面有作家的親筆簽名,這場車禍糾紛，花了三個月才順利解決,你一直惡作劇的行為，真的很討人厭,到他國旅遊前要先了解當地的忌諱，千萬不要觸犯而不自知,1
國語,「當鳳遑花開，驪歌響起，一股不捨的情緒便開始在心頭迴盪著。」句中的哪一個字是錯字？,遑,驪,迴,盪,1
國語,下列「」中的字，哪一個去掉部首後，讀音不變？,「迴」旋,「諱」言,浪「濤」,起「伏」,1
國語,下列部首何者錯誤？,糾：糸部,盪：水部,遜：?部,厭：厂部,2
國語,下列哪一個字，與「伏」的部首相同？,汰,扶,德,倚,4
國語,下列哪一個字的部首和其他三個不同？,邋,遢,拘,迴,3
國語,下列選項中，哪一組字的部首兩兩相同？,諱／咀,權／勸,德／循,驪／蝸,3
國語,下列選項中，哪一組字的總筆畫數兩兩不同？,糾／拘,囑／權,厭／遜,濤／盪,2
國語,下列哪一個字的總筆畫數和其他三個不同？,厭,遜,遢,摯,4
國語,下列哪一個字的部首及部首外的筆畫數正確？,冊：?部／三畫,厭：?部／十一畫,盪：血部／十二畫,遢：曰部／十畫,1
國語,下列哪個選項的總筆畫數最多？,諱,邋,濤,盪,2
國語,下列部首何者正確？,冊：一部,迴：口部,驪：馬部,凰：皇部,3
國語,下列哪個選項的總筆畫數最少？,德,迴,凰,拘,4
國語,下列哪個選項的總筆畫數和「摯」相同？,盪,邋,德,濤,3
國語,「忌□」、「經□線」、「□大」□中應分別填入哪些字？,緯／諱／偉,偉／緯／諱,諱／緯／偉,諱／偉／緯,3
國語,下列語詞中的「權」，哪一個用法有誤？,「權」衡,「權」面,「權」益,「權」利,2
國語,「邋□」、「崩□」、「糟□」□中應分別填入哪些字？,遢／蹋／塌,蹋／遢／塌,塌／蹋／遢,遢／塌／蹋,4
國語,下列語詞中的「迴」，哪一個用法有誤？,「迴」憶,巡「迴」,「迴」避,「迴」旋,1
國語,下列何者用「直爽」來形容最適合？,長相,個性,打扮,身形,2
國語,「在這場會議中，每個人都擁有自由發言的□利。」□中應填入哪個字？,勸,灌,歡,權,4
國語,下列語詞中的「拘」，哪一個用法有誤？,「拘」留,「拘」謹,「拘」然,「拘」束,3
國語,「我很『珍惜』這些得來不易的資源。」句中的『珍惜』換成下列哪一個語詞後，意思改變了？,浪費,愛惜,愛護,珍視,1
國語,「在驚□駭浪中，魚兒仍舊拚命的掙扎、搏鬥著，不放棄任何求生的機會。」□中應填入哪個字？,壽,籌,儔,濤,4
國語,「枝頭的葉子正在風中不停的搖□著。」□中應填入哪個字？,楊,盪,湯,陽,2
國語,「充實」有豐富充滿、使充足、加強的意思。下列哪一個句子裡的「充實」用法不適當？,閱讀書籍可以「充實」自己的知識,旅行可以增廣見聞，「充實」自己,我吃得好「充實」，所以一下子就餓了,我要好好存錢，「充實」自己的財富,3
國語,下列「」中的語詞，哪個使用不恰當？,遲到這件事情很「難得」，每天都會在她的生活中上演,我們要「珍惜」食物，因為那都是農夫辛苦的成果,隨著颱風的逼近，浪潮也變得更加「洶湧」,他們認識多年，是很「熟悉」彼此的好朋友,1
國語,「這裡頭究竟藏伏了什麼魔力□」□中應該填入哪個標點符號？,，,、,？,；,3
國語,下列「」中的字，哪一個和「糾察隊」的「糾」一樣，都是代表動作的字？,「權」力,波「濤」,「摯」友,迴「盪」,4
國語,下列「」中的語詞，哪一個和「這本書剛出版，就被搶購一空了」的「出版」一樣，表示一種動作？,我們在樹下「練唱」驪歌,哥哥將擔任典禮的「司儀」,我是這次校運會的「代表」,在「畢業冊」上寫下文字,1
國語,下列「」中的語詞，哪一個是表示一種動作？,好學又「熱心」助人的同學,為每一本紀念冊「題字」,你是我永遠的「知己」,珍惜每一個遊賞的「機會」,2
國語,關於「」中的量詞，下列哪一個使用錯誤？,「一本」紀念冊,「一手」驪歌,「一次」特別的機會,「一班」飛機,2
國語,下列何者最不適合用來形容「學生」？,一名,一群,一件,一位,3
國語,下列哪一個選項和「努力愛春華」結構相同？,高興的出遊,開心的說話,找一位同學,盡力想辦法,4
國語,「她經過失敗，□□沒有喪志，而是更加積極的去爭取機會。」空格中應填入下列哪一組關聯詞？,反而,為了,因此,更加,1
國語,「我沒參與這件事情，□□連聽都沒聽過。」空格中應填入下列哪一組關聯詞？,更在,也是,雖然,甚至,4
國語,「好的睡眠能消除疲勞，更能讓皮膚維持良好的狀態。」從上句的「……更……」來判斷，這個句子屬於哪一種句型？,並列句,條件句,選擇句,遞進句,4
國語,「妹妹總是努力的練習唱歌，因此在歌唱比賽中得到了很好的成績。」從上句的「……因此……」來判斷，這個句子屬於哪一種句型？,遞進句,因果句,選擇句,轉折句,2
國語,「誰最能和老師辯論□誰最有把握提個問題考倒老師□還不是我們六年級。」□中應該填入哪一組標點符號？,、、,，，,？？,,3
國語,下列選項「」內的字，哪一個用字有誤？,在團體生活中，每個人都有必須遵守的規「矩」,請慢慢「咀」嚼食物，以促進消化,這份「彌」足珍貴的情誼讓人難以忘懷,在我們鍥而不捨的努力下，他終於願意敞開心「扇」，和我們做朋友了,4
國語,下列選項「」中的字，哪一個的注音是正確的？,經過多年相處，他對所有同事都已非常熟「稔」：稔,阿立活「潑」風趣，很多人都喜歡跟他相處：波,他很久沒彈琴了，演奏這首曲子時顯得有些生「疏」：蘇,在這條「狹」長的林中小路旁，開了許多美麗的小花：夾,1
國語,下列選項「」內的字，哪一個是錯別字？,這支球隊的打「摯」能力遠在我們之上,畫圖是小古畢生「摯」愛，要他放棄是不可能的,哥哥誠「摯」的邀請同學們來參加他的慶生會,為了紀念這段真「摯」的友情，我們在校園埋下了一個時光膠囊,1
國語,下列哪一個選項「」中的字，去除部首後讀音仍然不變？,起「伏」,鳳「凰」,波「濤」,激「盪」,2
國語,下列選項「」內的字，哪一個不是錯別字？,這片葉子的下方有一個蝶「誦」,他壯烈犧牲的事蹟，將永遠被世人傳「誦」,根據研究，秦始皇的陵墓下埋著許多兵馬「誦」,每當爸爸疲憊不堪時，都會抱著「誦」裝冰淇淋大口享用,2
國語,下列選項「」中的字，哪一個的注音是正確的？,在一望無際的「曠」野上奔跑，令人身心都舒暢了起來：廣,妹妹的腦中經常充滿許多瑰麗「綺」思：騎,大雨過後的天空，看起來格外「蔚」藍、澄淨：會,聽說這間公司錄取員工的門「檻」很高：檻,4
國語,「鬥嘴」是什麼意思？,斥責之語，即不許別人說話,形容話太多或說了不該說的話,爭吵，在言談上互不相讓,偏食個人所好食物的行為,3
國語,「嚴厲」是什麼意思？,輕浮，隨便,令人討厭的,嚴格，不寬容,親和力十足,3
國語,「策勵」是什麼意思？,指計謀,自暴自棄,督責勉勵,責罰，處罰,3
國語,「心緒」是什麼意思？,心情，情緒,條理，線索,一種衣物,指心臟,1
國語,「苦惱」是什麼意思？,氣忿，憤恨,開朗，高興,辛苦，艱苦,憂愁煩惱,4
國語,「糾察隊」是什麼意思？,維持群體秩序的小隊編制,負責救火的隊伍,為演奏音樂所組成的隊伍,代表學校參加比賽的隊伍,1
國語,「驪歌」是什麼意思？,為兒童創作的歌謠,流行於山村的歌謠,代表國家的樂歌,離別時所唱的歌,4
國語,「摯友」是什麼意思？,同住一室的朋友或同學,對於自己有害無益的朋友,同一隊伍或組織中的人,感情深厚的朋友,4
國語,打開「心扉」的「心扉」是什麼意思？,指人的心情,指人的回憶,指人的內心,指人的心臟,3
國語,「觀望」是什麼意思？,靜觀事情的發展變化，再做決定,以另一個角度來觀看、觀察,形容事物極好，令人讚嘆不已,觀察別人的優點，加以學習,1
國語,「熟稔」是什麼意思？,熟識,見識,考慮周密,常來的客人,1
國語,「攀談」是什麼意思？,商議解決重大事情,表示沒有商量的餘地,為人所樂道稱頌的事,找機會和人接近、交談,4
國語,「誠懇」是什麼意思？,高高興興的迎接,果然、確實如此,表示降服,真實而懇切,4
國語,「開啟」是什麼意思？,產生,打開,依附,綻放,2
國語,「咀嚼」是什麼意思？,比喻認識不清，心無定見,比喻反覆體會、玩味,比喻才能被忽略，無法施展,比喻生活不安定，流離失所,2
國語,「彌足珍貴」是什麼意思？,非常準確,非常脆弱,非常讚賞,非常寶貴,4
國語,「熟稔」的「稔」是什麼意思？,傾向、趨向,傑出、出眾,了解、熟悉,仔細、精詳,3
國語,「誠懇」的「懇」是什麼意思？,真誠,柔和,美好,稀奇,1
國語,「咀嚼」的「咀」是什麼意思？,咬嚼食物,吞下食物,將東西碾壓成細末,把氣體或痰用力排出,1
國語,「蔚藍」是什麼意思？,盛大的樣子,深藍色,文采美麗,草木茂盛的樣子,2
國語,「門檻」是什麼意思？,門戶上邊的橫梁,門板上或門板與門框之間的縫隙,門框下邊緊貼地面的橫木,門兩旁的木柱，用來安裝門扇,3
國語,下列哪一個語詞是指「誠心盡力」的意思？,忠誠,忠良,忠告,忠魂,1
國語,下列哪一個字是指「寬廣、空闊」的意思？,「忠」誠,「綺」麗,門「檻」,空「曠」,4
國語,下列哪一個語詞的解釋正確？,誦讀：熟記文句後能不看文句就能讀,綺麗：雕飾精美的窗子,空曠：開闊、寬廣,夥伴：彼此結合，共同做事,3
國語,下列「」中的字，哪一個解釋有誤？,「誦」讀：朗讀,「綺」麗：美麗、華麗的,門「檻」：門框下所設的橫木,空「曠」：空缺、荒廢,4
國語,下列「」中的字，哪一個是指「同伴，一起工作或同組織的人」的意思？,「夥」同,「夥」伴,一「夥」人,大「夥」,2
國語,下列「」中的字，哪一組的字義兩兩不同？,同「夥」╱「夥」同,盡「忠」╱效「忠」,「誦」讀╱朗「誦」,空「曠」╱「曠」野,1
國語,下列哪一組語詞的意思兩兩相似？,大膽／怯懦,絢麗／暗淡,忠誠／忠實,空曠╱狹窄,3
國語,下列哪一組語詞的關係和「忘掉╱忘卻」不同？,忠誠╱忠實,大膽╱斗膽,綺麗╱絢爛,空曠╱狹窄,4
國語,下列哪一個語詞的意思和「希望」相反？,失望,期望,指望,盼望,1
國語,下列哪一個語詞的意思和「遙遠」相似？,鄰近,迢遠,眼前,附近,2
國語,「延伸」是什麼意思？,彎腰以觸碰地面,因意外而取消的活動,舒展僵硬的筋骨,從這一方延長到另一方,4
國語,關於「」中的字，它們的字義有什麼關係？ ㄅ「曠」野 ㄆ空「曠」 ㄇ心「曠」神怡 ㄈ「曠」職,ㄅㄆㄇ相同,ㄅㄆ相同,ㄅㄇ相同,ㄆㄇㄈ相同,2
國語,「曠」有寬廣、空闊、開朗、豁達、空缺、荒廢等解釋。 下面哪一個句子中的「曠」字是「寬廣、空闊」的意思？,翠綠的草原令人看了心「曠」神怡,動物們在「曠」野上奔跑著,他今天怎麼「曠」課了呢,他因為「曠」職而被老闆責罵,2
國語,「夥」有同伴，一起工作或同組織的人、由多人組成的一群、與同伴聯合、共同的、計算人群的單位等解釋。 下面哪一個句子中的「夥」字是「同伴」的意思？,我「夥」通他一起策畫了這啟活動,他們合「夥」一起投資做生意,他是和我一起做研究的「夥」伴,你們一「夥」人要去哪裡呢,3
國語,「駱駝隊穿越荒涼的『曠』野，留下一串深深的腳印。」句中的『曠』和下列哪一個選項中的「曠」意思相似？,「曠」課不但影響學習進度，還會留下不良的紀錄,他從不會無故「曠」職，或許是出了什麼意外,他因為置身美麗的花海中而感到心「曠」神怡,空「曠」的草原一望無際，令人感到十分孤寂,4
國語,「嚮往」與下列哪一個選項的意思最相近？,因想法過於固執，而無法接受別人的一間，總是故步自封,因為毫無主見，所以別人說什麼就認同什麼,因為自卑，而不敢去挑戰，只能縮在自己的世界,因看了表演而深受感動，進而有了想成為演員的夢想,4
國語,「循規蹈矩」的「循」是什麼意思？,廣大、眾多的,獲取、得到,沿襲、遵守、依照,奇特、不常見的,3
國語,下列哪一個語詞是指「找機會和人接近、交談」的意思？,攀談,攀越,攀親,攀爬,1
國語,下列哪一個語詞的解釋正確？,從來：重新來過,羞怯：含羞而心怯,疏離：枝葉繁茂四布的樣子,敦厚：鄭重的叮嚀囑咐,2
國語,下列「」中的字，哪一個解釋有誤？,「殷」勤：情意深厚、周到,「咀」嚼：咬嚼食物,心「扉」：比喻像門的東西,誠「懇」：翻土,4
國語,下列「」中的字，哪一個是「不親近、不熟悉」的意思？,注「疏」,生「疏」,「疏」導,「疏」忽,2
國語,下列「」中的字，哪一組的字義兩兩不同？,活「潑」╱「潑」水,「狹」窄╱「狹」路相逢,「懇」切╱誠「懇」,落「寞」╱寂「寞」,1
國語,下列哪一組語詞的意思兩兩相反？,從來／向來,被動／主動,熟悉／熟識,多半／大半,2
國語,下列哪一組語詞的關係和「增添╱減少」不同？,殷勤╱冷淡,冷漠╱熱情,疑惑╱困惑,接納╱推辭,3
國語,下列哪一個語詞的意思和「保守」相似？,急進,守舊,改良,開明,2
國語,下列何者與「疏遠」的「疏」意思相同？,「疏」失,才「疏」學淺,「疏」散,生「疏」,4
國語,關於「」中的字，它們的字義有什麼關係？ ㄅ活「潑」 ㄆ「潑」辣 ㄇ「潑」灑 ㄈ「潑」水,ㄅㄆㄇ相同,ㄆㄈ相同,ㄅㄇㄈ相同,ㄇㄈ相同,4
國語,下列哪一個語詞是指「懇切、周到」的意思？,殷勤,殷鑑,殷紅,殷憂,1
國語,下列哪一個語詞的解釋正確？,攀談：用手抓住東西爬上去,疏離：對周圍的人、事、物，不親近、關心,熟稔：懷想、思念,寂寞：不出名，不為他人所知,2
國語,下列「」中的字，哪一個解釋有誤？,寂「寞」：孤單、冷清,「憐」愛：珍愛、疼惜,「狹」小：使力使物體受鉗而不動,「循」規蹈矩：沿襲、遵守、依照,3
國語,「彌」有遍、滿、填補、更加等解釋。 下面哪一個句子中的「彌」字不是「更加」的意思？,她希望能做些事情來「彌」補她的過錯,這個皇冠雖然已有多年的歷史，卻歷久「彌」新，看起來更耀眼了,他如此匆忙得跑走，反倒是欲蓋「彌」彰，更加重了他的嫌疑,奶奶老而「彌」堅，整個人看起都相當有活力,1
國語,下列句子中的「咀嚼」，哪一個的意思和其他三個不同？,一邊「咀嚼」食物，一邊說話，是很沒有禮貌的行為,食物要經過足夠的「咀嚼」，才不會影響消化,他的話經過細細「咀嚼」，其實還挺有道理的,「咀嚼」食物可以增加口腔和牙齒的咬合力,3
國語,「現在的生活已經很『困難』了，這時候還要父親同意拿錢資助你遊學，恐怕是非常『困難』。」上句中出現了兩次「困難」，請問它們的意思依序是什麼？,生活已經很「困難」：困苦艱難╱非常「困難」：事情複雜或阻礙多，不容易完成,生活已經很「困難」：困苦艱難╱非常「困難」：十分震驚，令人意想不到,生活已經很「困難」：疲倦、疲乏╱非常「困難」：十分震驚，令人意想不到,生活已經很「困難」：疲倦、疲乏╱非常「困難」：事情複雜或阻礙多，不容易完成,1
國語,「為了要『攀』登世界第一高峰，他花了很多時間做準備。」句中的『攀』和下列哪一個選項中的「攀」意思相似？,有權有勢的大人物都是我們高「攀」不起的,他為人正直，不是那種會「攀」附權貴之人,公園裡的花草，是不可以隨意「攀」折的,這裡的植物都很有活力的「攀」爬著圍牆,4
國語,「多半」與下列哪一個選項的意思最相近？,在這一天中，我沒辦法抽時間出來跟你見面,在這一天中，我大部分的時間都在睡覺,在這一天中，我我有一半的時間在工作，一半的時間在睡覺,在這一天中，我只有一點點的時間可從事娛樂活動,2
國語,「藏伏」的「伏」是什麼意思？,倒退、使落後,隱藏、隱匿,認罪、受罰,降服、使屈服,2
國語,「忌諱」是什麼意思？,害怕、畏懼某些事物,嫉妒別人的想法,不能理解、不明白白,避忌、隱諱某些言語或舉動,4
國語,下列哪一個語詞是指「不整潔」的意思？,迴盪,德性,邋遢,叮囑,3
國語,下列哪一個字是指「大波浪」的意思？,波「濤」,「驪」歌,迴「盪」,叮「囑」,1
國語,「糾察」的「糾」是什麼意思？,集聚、集結,釐清原因,督察、矯正,牽扯不清,3
國語,「不拘小節」的「拘」是什麼意思？,約束、顧忌,掛念、牢記,死板、固執,逮捕、扣押,1
國語,下列哪一個語詞是指「事情或現象令人難以理解，無法以言語形容其奧妙」的意思？,出言不遜,不拘小節,清清楚楚,莫名其妙,4
國語,下列哪一個字是指「謙恭」的意思？,連這種簡單的問題都錯，讓我覺得自己真的太「遜」了,他的舉球技術和職業選手相比絲毫不「遜」色,我們不該隨意對他人出言不「遜」,我們最終還是略「遜」一籌，輸了比賽,3
國語,下列哪一個語詞的解釋正確？,糾察隊：為因應特殊需求而排列的隊形,紀念冊：為紀念具有特殊意義的事情而製作的簿冊,權力：享有的好處或利益,驪歌：軍人行進時所唱的歌曲,2
國語,下列「」中的字，哪一個解釋有誤？,叮「囑」：叮嚀、託付,「迴」盪：避開,惹人「厭」：憎惡、不喜歡,紀念「冊」：泛指書籍、簿本,2
國語,下列「」中的字，哪一個不是「隱藏、隱匿」的意思？,埋「伏」,晝「伏」夜出,「伏」兵,「伏」地挺身,4
國語,下列哪一組語詞的意思兩兩相似？,出言不遜／卑辭厚禮,熟悉／陌生,直爽／委婉,莫名其妙／不明所以,4
國語,下列哪一組語詞的關係和「摯友╱密友」相同？,整潔╱邋遢,知己╱知音,溫柔╱粗魯,頑皮╱乖巧,2
國語,下列哪一個語詞的意思和「嚴厲」相似？,溫和,和藹,嚴格,寬容,3
國語,下列哪一個語詞的意思和「直爽」相似？,油滑,坦率,婉轉,委婉,2
國語,下列何者與「出言不遜」的「遜」意思相同？,「遜」色,略「遜」一籌,「遜」位,謙「遜」,4
國語,下列哪一組語詞的關係和「完整／殘缺」相同？,直爽╱委婉,波濤╱波浪,權力╱權柄,將來╱他日,1
國語,「油然而生」與下列哪一個選項的意思最相近？,因為煩惱過多而鬱悶不已,聽到任何事情都不會有情緒波動,心中有股情感不自覺的冒出來,刻意隱藏真實情緒不讓人察覺,3
國語,「厭」有憎惡、不喜歡、飽、滿足等解釋。 下面哪一個句子中的「厭」字不是「憎惡、不喜歡」的意思？,他已經「厭」倦了職場裡的鬥爭,他總貪得無「厭」的想得到更多利益,我很「厭」惡那種為滿足私慾而傷害他人的人,他很喜歡讀書，即使讀一整天也不會「厭」煩,2
國語,「德」有人類共同遵循的規範、品行、恩澤、恩惠、心意、信念等解釋。 下面哪一個句子中的「德」字是「品行」的意思？,隨手亂丟垃圾是很沒公「德」心的行為,您的恩「德」我沒齒難忘，將來若有機會必定會回報,只要我們一心一「德」，就一定能達成任務,在耳濡目染下，他養成了良好的品「德」,4
國語,「既然你有『把握』能贏得比賽，為何不『把握』機會，向教練提出出賽申請呢？」上句中出現了兩次「把握」，請問它們的意思依序是什麼？,有「把握」：抓住、掌握╱「把握」機會：抓住、掌握,有「把握」：抓住、掌握╱「把握」機會：成功的信心,有「把握」：成功的信心╱「把握」機會：抓住、掌握,有「把握」：成功的信心╱「把握」機會：成功的信心,3
國語,「莫名其妙」與下列哪一個例子中的意涵最相近？,即使不說出口，也能感受到滿滿的愛意,某一現象總是頻繁發生，卻難以解釋為何未發生,說話一針見血，讓人一下子就發現錯誤,事物十分獨特，不僅沒人見過，也沒人知道其名字,2
社會,引進國際移工雖然能解決缺工問題，但是也可能產生新的問題，例如：因文化差異而引起的偏見或歧視。,○,×,,,1
社會,台灣路竹會是臺灣援助外國的專責機構，主要在協助友好及開發中國家的經濟及社會發展，並增進彼此關係。,○,×,,,2
社會,身為地球村的一員，我們不僅要關心生活周遭的人、事、物，也要關注世界其他地方所發生的事。,○,×,,,1
社會,在氣候異常的影響下，我們應該提高在地糧食生產與儲備，以免面臨缺糧危機。,○,×,,,1
社會,引進國際移工來臺灣從事營造或看護工作，有助於解決臺灣的勞工短缺問題。,○,×,,,1
社會,有些貧窮的國家或地區為了發展經濟，會強迫兒童工作，剝奪兒童上學的權利。,○,×,,,1
社會,世界衛生組織的成立目的，是為了促進全球公共衛生發展。,○,×,,,1
社會,國際移工到其他國家工作，因為語言隔閡和非本國籍等因素，使得他們難以替自己爭取工作權益。,○,×,,,1
社會,臺灣的地理位置優越，與鄰近國家貿易往來密切。,○,×,,,1
社會,全球暖化的現象與產業發展、人口增長有關，與二十世紀初相比，平均氣溫已上升約１℃以上。,○,×,,,1
社會,台灣路竹會是一個人道關懷、緊急救援的醫療服務團隊，他們號召國內外的醫界志工與一般義工進行服務。,○,×,,,1
社會,全球暖化與氣候異常的現象，已經讓生態環境保護成為國際間的共識，愈來愈多的人關注環境議題。,○,×,,,1
社會,世界人權宣言由聯合國發布，指出所有人不分種族、膚色、性別等，都應該享有包括生命、自由、平等在內的基本人權。,○,×,,,1
社會,由於人類使用電力、運輸工具或生產工業產品等，使得全球碳排放量快速增加，造成全球暖化的現象。,○,×,,,1
社會,當發生威脅人類生命的傳染病時，政府會採取各種防疫措施，包括：施打疫苗、邊境管制、實施隔離等，以維護民眾的健康。,○,×,,,1
社會,雖然政府採取防疫措施是為了維護民眾的健康，但這些措施也可能會對人權造成一定的限制。,○,×,,,1
社會,透過國與國之間的交流與合作，在遇到重大災難時可以互相幫助。,○,×,,,1
社會,小學生也是世界公民，因此在消費之前，要思考產品的原料是否有剝削勞工製造出來的狀況，盡一己之力改變世界。,○,×,,,1
社會,聯合國發布的２０２３年世界水資源開發報告指出，全球約有四分之一的人口無法獲得安全飲用水而影響健康。,○,×,,,1
社會,傳染病可以依靠接種疫苗制止擴散，但疫苗資源分配不均，卻可能造成疾病傳染難以中止。,○,×,,,1
社會,與二十世紀初相比，全球平均氣溫上升約６℃，引起國際社會重視與關心環境議題。,○,×,,,2
社會,國家與國家之間，因為各自的生存發展，有時會產生衝突與對立。,○,×,,,1
社會,各地出現暴雨、熱浪、乾旱等現象，與全球暖化引起的氣候異常變化有關。,○,×,,,1
社會,近年來，因為全球化與跨國旅遊日益頻繁，使得傳染病更容易傳播到世界各地。,○,×,,,1
社會,臺灣的外交空間雖然受限，但政府、民間與個人仍可以透過許多管道努力，積極走向世界，與各國交流、合作。,○,×,,,1
社會,臺灣近年來外交成果豐碩，已在西元２０２２年成功加入聯合國，成為會員之一。,○,×,,,2
社會,國家或全球發生緊急事件時，各種措施可能限制或侵害人權，例如：嚴重特殊傳染性肺炎（ＣＯＶＩＤ－１９）期間，政府採取的強制隔離措施，就可能侵害人們的自由。,○,×,,,1
社會,臺灣是一個自由民主、多元開放的社會，但因為地理位置偏遠，所以不需要加入國際組織。,○,×,,,2
社會,俄羅斯發動戰爭入侵烏克蘭，西方各國為了制裁俄羅斯的軍事行動而發起能源禁運，導致全球石油價格下跌。,○,×,,,2
社會,全球的平均氣溫上升代表全球產業蓬勃發展、經濟欣欣向榮，對人類來說是好事一件。,○,×,,,2
社會,為了解決阿富汗的糧食危機，國際組織與公益團體不僅提供糧食，也提供資金與生產技術援助。,○,×,,,1
社會,假如全球暖化現象持續發生或惡化，身在臺灣的我們必須提防乾旱、暴雨等氣候異常現象。,○,×,,,1
社會,馬拉拉是巴基斯坦的一位女性，她因推動兒童能享有安全、有保障的工作環境而遭受恐怖分子槍擊重傷。,○,×,,,2
社會,目前生活在貧窮國家的兒童，都能享有安全的工作環境，並能維持基本人權。,○,×,,,2
社會,第一次世界大戰後，為了避免國際間再度發生大規模戰爭，因此世界各國共同成立了聯合國。,○,×,,,2
社會,當我們在購買某一種產品時，只要考量價格與品質即可，與碳排放量沒有關係。,○,×,,,2
社會,穆斯林來臺灣工作時，必須配合臺灣雇主的要求，即使是齋戒月期間，仍要每天吃三餐。,○,×,,,2
社會,由於蝗蟲喜歡溫暖乾燥的環境，因此每當發生乾旱時，爆發大量蝗蟲將糧食作物吃掉的「蝗災」風險就會增加。,○,×,,,1
社會,直至今日，部分國家、地區的兒童、女性在社會上還是相對弱勢的族群。,○,×,,,1
社會,為了保障國際移工的工作權益，應該提供足夠的安全防護給從事營造業的高危險工作者。,○,×,,,1
社會,由於臺灣經濟實力雄厚，又是發展資訊產業的重要地區，因此不需要擔心糧食不足的危機。,○,×,,,2
社會,現今國際社會交流頻繁，形成地球村，一些國家或地區所發生的問題或衝突，都可以迅速解決，不會影響到其他國家或全世界。,○,×,,,2
社會,世界貿易組織為因應全球經濟貿易活動日益頻繁，使各國產品在國際間能進行公平自由的貿易而組成，但臺灣目前尚未加入該組織。,○,×,,,2
社會,引進國際移工除了可以解決勞工短缺的問題，還能促進不同文化之間的交流。,○,×,,,1
社會,為了保護生態環境，西元１９９２年，許多國家共同簽署聯合國氣候變化綱要公約，要求簽署國要管制碳排放量。,○,×,,,1
社會,臺灣主要的糧食作物是水稻，為了預防氣候異常造成的乾旱現象，農民可以嘗試使用需水量較少的農耕技術來面對這個問題。,○,×,,,1
社會,臺灣在嚴重特殊傳染性肺炎疫情期間，主動捐助防疫物資給其他國家，與世界各國合作，共同防堵疫情。,○,×,,,1
社會,臺灣加入世界貿易組織後，由於進口商品關稅的調降，使得進口商品的價格較便宜。,○,×,,,1
社會,為了避免因文化差異而引起的歧視，政府可以藉由減少國際移工的數量來解決這個問題。,○,×,,,2
社會,由於卡達本國人口稀少，導致勞動力不足，因此需要引進大量國際移工來協助建設世界盃足球賽的場館設施。,○,×,,,1
社會,為了維持家庭收入，身為小學生的我們，可以利用上課時間到菜園採收蔬菜賺錢，這是保障我們的工作權益。,○,×,,,2
社會,透過國與國之間的交流與合作，可以創造更開放、繁榮的國際社會，促進區域穩定與世界和平。,○,×,,,1
社會,身為世界公民的我們，應該學習如何在日常生活中做出不傷害環境與人權的選擇。,○,×,,,1
社會,聯合國的主要工作在解決國際爭端，維護世界和平與安全，保障各國居民的基本人權。,○,×,,,1
社會,西元２０２３年土耳其發生強震，在救援行動中，世界衛生組織正式把臺灣搜救隊列在官方搜救隊網站，是臺灣搜救隊執行國際人道救援任務以來的重大突破。,○,×,,,2
社會,馬拉拉致力於推動女性教育權，即使遭遇槍擊仍不畏懼，她的行動引起了國際的關注，對爭取女性接受教育的權利有積極的影響。,○,×,,,1
社會,臺灣民眾透過參加世界展望會所舉辦的相關活動，關注氣候變遷、守護雨林及海洋保育等議題。,○,×,,,2
社會,學校常見到「節能減碳」的標語，其中「碳」指的是溫室氣體中比例最高的「二氧化碳」。,○,×,,,1
社會,以色列與巴勒斯坦爆發戰爭，導致許多兒童無法到學校上課，已嚴重影響兒童的基本人權。,○,×,,,1
社會,排水不良、地勢低窪的地區遇到暴雨發生時，需要擔心淹水災害發生的風險。,○,×,,,1
社會,目前來臺灣的國際移工，是以印尼、越南、柬埔寨、泰國為主。,○,×,,,2
社會,西元２０２０年，嚴重特殊傳染性肺炎在全球大流行，衛生福利部發布為「國際公共衛生緊急事件」。,○,×,,,2
社會,西元２０２３年，阿富汗爆發嚴重蝗災，農民使用傳統方式撲殺蝗蟲，而聯合國 糧食及農業組織也協助緊急撲殺蝗蟲。,○,×,,,1
社會,有些貧窮的國家或地區為了發展經濟，因此鼓勵兒童工作，許多兒童享有較高的薪資，且工作環境也比成人安全。,○,×,,,2
社會,缺乏食物、飲水、醫療等條件並不會對人類的生存造成任何威脅，因為人類可以迅速適應這些情況。,○,×,,,2
社會,由於外交事務繁重複雜，應該全部交由政府執行，個人不需要從事國民外交。,○,×,,,2
社會,西元２０２０年，嚴重特殊傳染性肺炎爆發，世界衛生組織發布為「國際公共衛生緊急事件」。當時不論富裕或貧窮地區，許多人的生命健康都受到威脅。,○,×,,,1
社會,「淨零排放」指的是人為的碳排放量能夠利用科技及自然等方式，來加以抵銷、達成平衡。,○,×,,,1
社會,科學家們觀察，全球暖化使得南極與北極的冰雪大量融化，但影響僅限於這些地區。,○,×,,,2
社會,臺灣長期被排除在世界衛生組織之外，因此遇到嚴重的傳染病事件時，不僅無法即時了解疫情狀況及處理方式，也會對全球公共衛生安全造成隱憂。,○,×,,,1
社會,近年韓國影音演藝產業席捲全球，獲得巨大利益。其中韓國男子團體防彈少年團（ＢＴＳ）長期從事慈善事業，也鼓勵歌迷一起從事慈善活動，這是善盡世界公民責任義務的表現。,○,×,,,1
社會,受到全球暖化的影響，許多島嶼國家面臨海平面上升，國土被淹沒的威脅，需要全世界共同努力來解決。,○,×,,,1
社會,臺灣的天然資源豐富，且經濟發展自主性高，所以不需要與其他國家進行貿易往來。,○,×,,,2
社會,全球暖化只會影響生態環境，並不會對人類的生活造成影響。,○,×,,,2
社會,土地是影響糧食生產的原因，只要有足夠的土地就能生產足夠的糧食，供應全球各地的需求。,○,×,,,2
社會,有些農民在乾旱時使用深耕機械在旱田進行播種，以減少水的使用，這是一種因應氣候異常引發乾旱現象的農耕策略。,○,×,,,1
社會,為了臺灣的安全，政府應該將臺灣的外交預算全部刪除，不再與其他國家互動；民間團體與個人也無須向世界行銷臺灣。,○,×,,,2
社會,由於生態環境保護已從少數人的呼籲演變成國際間的共識，因此從西元１９７０年～２０２３年，全球碳排放量逐漸下降。,○,×,,,2
社會,為了使全球防疫體系更加健全，臺灣目前已正式加入世界衛生組織。,○,×,,,2
社會,按照聯合國氣候變化綱要公約的巴黎協定之規定，簽署國在西元２０３０年要實現淨零排放的目標。,○,×,,,2
社會,許多國家簽署聯合國氣候變化綱要公約，由此可看出生態環境保護從少數人的呼籲演變成國際間的共識。,○,×,,,1
社會,消費者選擇購買不剝削勞工的產品時，有助於減少社會的不公正現象，能幫助提升與維護人權。,○,×,,,1
社會,西元２０２０年，嚴重特殊傳染性肺炎爆發，當時只有威脅到貧窮地區人們的生命健康。,○,×,,,2
社會,由於臺灣的國際地位特殊，所以無法加入國際奧林匹克委員會、國際綠色和平組織、世界展望會等國際組織。,○,×,,,2
社會,在科技產品生產過程中的重要原料，大多由某個國家生產，若該國宣布減少原料的出口數量，可能對世界造成重大的影響。,○,×,,,1
社會,非洲數百萬人正在經歷長期的飢餓，並處於饑荒的危機中，他們的基本人權已受到了危害。,○,×,,,1
社會,在疫情期間，如果一個國家無法順利取得疫苗，可能會影響該國防疫的效果，導致疫情擴散，影響民眾的健康。,○,×,,,1
社會,我們可以透過購買友善對待人群或環境的產品，改善世界其他地方居民的生活與環境。,○,×,,,1
社會,為了讓社會文化更加多元，應該引進更多的國際移工，以解決臺灣的文化歧視問題。,○,×,,,2
社會,因為烏克蘭的地理位置距離臺灣遙遠，所以烏 俄戰爭對臺灣不會造成任何影響。,○,×,,,2
社會,有些宗教信仰會限制女性的權利，例如：禁止女性獨自外出或接受教育，因此，宗教信仰可能會與人權保障產生衝突。,○,×,,,1
社會,現今的國際社會在聯合國的協調之下，彼此交流密切、合作無間，已沒有任何戰爭或衝突發生。,○,×,,,2
社會,如果無法解決氣候異常對生產糧食的影響也沒有關係，只要增加進口糧食的數量就能完全解決缺糧的危機。,○,×,,,2
社會,在疫情期間，停止實體上課並不會影響學生的學習，因為可以改為實施線上課程。,○,×,,,2
社會,選擇購買價格最便宜的產品，除了能保護生態環境，也能促進維護人權的發展。,○,×,,,2
社會,透過調高進口商品的關稅，就能讓各國的產品在國際間進行公平自由的貿易。,○,×,,,2
社會,阿富汗的碳排放量雖然很低，但當地的環境仍受到氣候異常的影響，由此可知全球生態環境緊密相依。,○,×,,,1
社會,臺灣希望能加入世界衛生組織，這樣可以讓臺灣出口的商品，在國際間進行公平自由的貿易。,○,×,,,2
社會,嚴重特殊傳染性肺炎疫情大規模流行期間，因為是由世界衛生組織公平分配疫苗給世界各國，所以才能快速終結疫情。,○,×,,,2
社會,防止全球暖化是以工業發展為主的國家的責任，以發展農業、服務業為主的國家或地區則不必參與。,○,×,,,2
社會,阿富汗受到氣候異常影響，歷經多年乾旱而導致糧食危機，只要阿富汗降低碳排放量，就能解決當地氣候異常的問題。,○,×,,,2
社會,全球各地正在發生暖化與氣候異常，這樣的現象促使國際間為哪一類的議題達成共識？,維護人權,環境保護,經濟發展,文化保存。,2
社會,種植水稻時需要有充足的水源，但是，近年來受到哪一種氣候異常的影響，不利水稻的種植？,乾旱,暴雨,熱浪,寒流。,1
社會,第二次世界大戰後，為了避免國際間再度發生大規模戰爭，於是世界各國共同成立了哪一個國際組織？,世界貿易組織,世界衛生組織,歐洲聯盟,聯合國。,4
社會,下列何者不是 臺灣參與國際組織的好處？,讓更多國家認識臺灣,能與各國人民交流,提升國際能見度,可以獲取更多捐款。,4
社會,我們將人類使用電力、運輸、生產等，直接或間接產生的溫室氣體稱為「碳排放」，因為溫室氣體中比例最高的是下列哪一種？,木炭,二氧化碳,碳酸鈣,碳水化合物。,2
社會,許多地勢低窪、排水不良的地區，當發生氣候異常的暴雨時，哪一項災害的風險將會提高？,淹水,地震,乾旱,強風。,1
社會,為了讓世界看見臺灣，提升臺灣國際能見度，讓各國感受臺灣人民友善的一面，下列哪一項不是理想的做法？,提供人道援助,發動對外戰爭,參與國際體育賽事,加入全球保育組織。,2
社會,傳染病爆發時，為了維護民眾健康，各國政府採取許多防疫措施，其中不包含下列何者？,禁止就醫,施打疫苗,邊境管制,實施隔離。,1
社會,當世界某個國家或地區遭遇糧食危機時，下列哪一個國際組織會提供協助？,聯合國 世界衛生組織,聯合國 世界氣象組織,聯合國 糧食及農業組織,聯合國 國際勞工組織。,3
社會,「從全球的角度來看，每個人都是地球村的一分子，個人也可以和其他國家的人民互動往來。」這句話的主要含義為何？,每個人都要學會說英語,只有政府可以從事外交工作,個人應善盡世界公民的責任,每個人都應該參加國際組織。,3
社會,聯合國發布的世界人權宣言強調哪一項原則？,只有某些群體才能享有人權,兒童應該享有更多的人權,每個人都應該享有基本人權,只有受過教育的人才能享有人權。,3
社會,以色列與巴勒斯坦爆發戰爭，兒童無法到校上課，影響了這些兒童哪一項基本人權？,自由,平等,工作,受教育。,4
社會,臺灣透過參與國際組織的活動，表達積極參與國際事務的意願，下列何者不是 臺灣參與的國際活動？,世界展望會的飢餓三十體驗活動,學校舉辦的戶外教育,國際綠色和平組織舉辦的遊行,奧林匹克運動會。,2
社會,根據聯合國發布的２０２３年世界水資源開發報告，全球大約有多少比率的人口無法獲得安全飲用水？,十分之一,四分之一,三分之一,二分之一。,2
社會,許多人遠赴其他國家工作，成為國際移工的主要原因為何？,尋求較高的工資,富有冒險精神,可以學習新語言,受到社群網路的影響。,1
社會,下列哪一個國際組織，會在每年５月召開世界衛生大會？,ＵＮ,ＷＴＯ,ＷＨＯ,ＮＧＯ。,3
社會,下圖為台灣路竹會的服務場景，台灣路竹會基於組織理念，派出服務團隊在國內外資源缺乏地區提供服務，下列何者為台灣路竹會提供的服務項目？,農業,教育,交通,醫療。,4
社會,國際間達成環境保護的共識後，在西元１９９２年簽署了哪一項國際公約，開始要求簽署國管制碳排放量？,聯合國氣候變化綱要公約,世界人權宣言,聯合國氣候變化綱要公約的京都議定書,聯合國氣候變化綱要公約的巴黎協定。,1
社會,臺灣長期被排除在世界衛生組織之外，對我國有什麼影響？,進出口貿易受限,無法即時了解疫情狀況,每年必須繳納會費,可不受國際組織的拘束。,2
社會,請觀察圖表，判斷下列哪一項食物在生產或運輸時，會對環境產生較大的負荷？,起司,羊肉,咖啡,牛肉（肉牛）。,4
社會,生態環境保護已成為國際的共識，目前許多國家希望在西元２０５０年時能達成什麼目標？,增加森林面積,清除海洋垃圾,淨零排放,糧食自主。,3
社會,下列哪一個貧窮國家，兒童迫於維持家庭收入的經濟壓力，必須和成人一樣工作，因而剝奪兒童的上學權利？,英國,美國,加拿大,烏干達。,4
社會,西元２０２０年，世界衛生組織曾因哪一種傳染病爆發，發布「國際公共衛生緊急事件」警訊？,登革熱,嚴重特殊傳染性肺炎,嚴重急性呼吸道症候群,腸病毒。,2
社會,下列何者是聯合國的簡稱？,ＵＮ,ＷＴＯ,ＷＨＯ,ＮＧＯ。,1
社會,家中照顧祖母的看護瑪麗，因為遵從宗教的戒律，從今天開始白天禁止飲食。請問她的宗教信仰可能是下列何者？,基督教,天主教,佛教,伊斯蘭教。,4
社會,家住新竹縣 新豐鄉的語翔發現，住家旁邊的農田增設了一塊告示牌，上面寫著：「因應氣候變遷之栽培制度調適示範田區」，請問這片農田最有可能是種植哪一種農作物？,鳳梨,芋頭,水稻,水蓮。,3
社會,芷依要製作一份有關碳排放研究的書面報告，你會建議她從圖書館的哪一種主題叢書蒐集資料？,教育,環境,人權,文化。,2
社會,下圖為西元２０２１年全球嚴重特殊傳染定肺炎（ＣＯＶＩＤ－１９）疫苗施打比率圖，下列哪一洲的疫苗接種比率最低？,歐洲,非洲,亞洲,美洲。,2
社會,如果想要了解、關注全球暖化的議題，參加下列哪一個國際組織最合適？,國際奧林匹克委員會,世界展望會,國際綠色和平組織,世界貿易組織。,3
社會,雄安看到新聞正在報導烏 俄戰爭對臺灣的影響，請問他最有可能看到下列哪一項影響？,麵包售價上漲,石油價格下跌,空氣品質不佳,企業裁減人力。,1
社會,下列何者是國際移工在臺灣主要從事的工作之一？,教育,金融,營造,出版。,3
社會,如果全球暖化的問題持續惡化，導致暴雨現象頻繁，地勢低窪地區該如何降低淹水災害發生的風險？,增加堤防高度,減少碳排放量,改善排水系統,發展再生能源。,3
社會,為什麼世界各國達成生態環境保護的共識，願意遵守碳排放量的標準？,提升國際貿易競爭力,降低全球暖化的危害,促進國家的文化發展,保護每個人的受教權。,2
社會,來臺灣的國際移工，大多從事什麼工作，以解決臺灣的缺工問題？,銀行或保險工作,營造或看護工作,科技或資訊工作,新聞或廣告工作。,2
社會,下列何者不是 臺灣加入世界貿易組織所帶來的好處？,商品種類選擇多元,進口商品價格上漲,提升出口商品的競爭力,進口商品來源多樣。,2
社會,根據統計，來臺工作的國際移工大約為８０萬人，下圖是臺灣移工主要來源國家的人數統計地圖，請觀察地圖，臺灣的國際移工大多來自下列哪一個地區？,東南亞,東北亞,歐洲,非洲。,1
社會,最近幾年美國與中國之間發生關稅糾紛，影響國際貿易的進行，兩國都找上世界貿易組織（ＷＴＯ）尋求協助，世界貿易組織會基於下列哪一項原則進行仲裁？,大國間軍事武力的平衡,國際間能源發展的進度,國際間公平自由的貿易,大國間環境保護的協議。,3
社會,下列哪一種做法，對突破臺灣的外交困境沒有幫助？,請邦交國在聯合國大會中代為發聲,捐助防疫物資給其他國家,主動退出國際奧林匹克委員會,以觀察員等身分參與重要國際會議。,3
社會,在臺灣地勢低窪、排水不良的地區，可能會因為全球暖化所導致的暴雨，而提高哪一種災害風險？,土石流,地震,淹水,乾旱。,3
社會,為什麼要在行動之前，思考我們的行為對人群或環境是否友善？,節省金錢,不浪費時間,幫助經濟發展,讓世界更美好。,4
社會,科學家研究發現，蝗蟲喜歡溫暖乾燥的環境，因此當氣候發生何種異常現象時，容易引發蝗蟲帶來的蝗災？,暴雨,颱風,熱浪,乾旱。,4
社會,西元２０２３年土耳其大地震，臺灣派遣搜救隊前往救災，下圖為臺灣搜救隊與土耳其搜救隊進行交流的畫面，該圖最能表現下列哪一項精神？,國際合作與人道關懷,經濟發展與就業提升,提高科技研發能力,維護國家國防安全。,1
社會,當全球疫苗資源分配不均時，哪一些地區的疫情可能面臨難以控制的情況？,疫苗需求較低的地區,無法獲得疫苗的地區,疫苗供應充足的地區,沒有受疫情影響的地區。,2
社會,近年來，處處可見到「節能減碳」的標語，這個標語背後的目的是什麼？,發展科技,提升經濟,發揮愛心,關心環境。,4
社會,聯合國發布世界人權宣言的主要目的是什麼？,避免世界發生戰爭,提升全球的經濟發展,保障每個人享有的基本權利,規定全人類的價值觀。,3
社會,依據統計，目前來臺灣工作的國際移工大約為８０萬人，他們大多來自哪一個地區？,非洲,美洲,東南亞,東北亞。,3
社會,關於臺灣加入世界貿易組織的影響，下列何者敘述正確？,提升臺灣出口商品的競爭力,增加臺灣的邦交國數量,使臺灣的國產米價格調升,商品來源減少，消費者的選擇也變少。,1
社會,臺灣加入哪一個國際組織後，可以減少臺灣出口的商品被外國課徵不公平的高關稅，使臺灣的商品更有競爭力？,聯合國,世界貿易組織,世界衛生組織,國際綠色和平組織。,2
社會,下列何者不是 世界人權宣言強調要保障的基本人權？,自由,平等,生命,賺錢。,4
社會,請觀察下圖中阿媽與看護安娜的對話，若阿媽要求看護白天吃午餐，可能會影響安娜的哪一項人權？,生命權,信仰自由,平等權,工作權。,2
社會,關於馬拉拉的敘述，下列何者正確？,曾擔任巴基斯坦的總統,爭取女性受教育權,爭取女性能自由結婚,因恐怖分子攻擊而不幸身亡。,2
社會,如果臺灣因氣候異常而導致糧食生產不足，又想避免因無法從國外進口而導致缺糧危機，除了改善生產技術外，還有什麼因應方式？,調整飲食習慣,降低碳排放量,尋找更多水資源,提高糧食儲備。,4
社會,敏書在網路上看到近期世界衛生大會召開的新聞，請問這是哪一個國際組織所召開的會議？,世界展望會,世界貿易組織,世界衛生組織,歐洲聯盟。,3
社會,根據新聞報導，許多位於太平洋的島國將面臨海平面上升而國土被淹沒的危機，請問導致海平面上升的主要原因是什麼？,全球平均降雨量增加,全球海水溫度升高,海洋動物數量減少,冰雪融化流入海中。,4
社會,西元２０２３年，阿富汗出現嚴重蝗災，請根據圖片內容判斷，這場災害可能與哪一種氣候現象有關？,長期乾旱,豪雨過多,酷寒氣候,海嘯風暴。,1
社會,下列何者不是國與國之間交流、合作所帶來的正面效益？,穩定區域發展,提高商品關稅,創造繁榮的國際社會,促進世界和平。,2
社會,從西元２０２０年全球爆發嚴重特殊傳染性肺炎（ＣＯＶＩＤ－１９），到２０２５年臺灣出現首例在全球肆虐多時的非洲豬瘟疫情，顯示傳染病的防堵十分不易。而傳染病無遠弗屆的傳播，與下列哪一項因素較有關係？,全球化與跨國旅遊,極端氣候變遷,大地震的影響,民眾飲食習慣改變。,1
社會,馬拉拉在巴基斯坦爭取哪一項弱勢族群的權利，因而遭到恐怖分子槍擊受傷？,年長者的長期照護,女性接受教育,禁止僱用童工,身心障礙者的工作權。,2
社會,由於全球哪一項資源分配不均，導致有些地區難以制止疾病傳染，無法達成終結疫情的目標？,水,糧食,能源,疫苗。,4
社會,下列哪一個國際組織發布了世界人權宣言，提出每個人都應該享有基本人權？,聯合國,世界展望會,國際勞工組織,世界衛生組織。,1
社會,烏 俄戰爭爆發後，西方各國為了制裁俄羅斯的軍事行動，發起能源禁運，這對全世界造成哪一種影響？,全球經濟快速成長,全球傳染病疫情加劇,全球農產品價格下跌,全球石油價格上漲。,4
社會,下列何者不是全球暖化所造成的影響？,人口增長,冰雪融化,氣候異常,海平面上升。,1
社會,下列哪一種行動有助於解決因生產技術不佳而無法生產糧食的危機？,直接提供充足的糧食,提供生產技術援助,給予資金購買糧食,鼓勵開發更多土地。,2
社會,下列哪一個國家，曾在臺灣發生九二一大地震時支援搜救工作，而該國在西元２０２３年發生強震時，臺灣也立即前往，並展開搜救行動？,烏克蘭,菲律賓,土耳其,俄羅斯。,3
社會,關於世界衛生組織的敘述，下列何者正確？,簡稱ＷＴＯ,是目前全球規模最大、最重要的國際組織,每年５月，組織的成員會召開世界衛生大會,臺灣在西元２００２年正式加入世界衛生組織。,3
社會,下列哪一種防疫措施，可以增加民眾的免疫力？,發布國際公共衛生緊急事件,邊境管制,實施隔離,施打疫苗。,4
社會,請觀察下方圖表，下列何者最能說明國際間減碳公約的發展趨勢？,政府干預逐年減少,有條件的放寬限制,簽署的國家愈來愈少,限制標準愈來愈嚴格。,4
社會,當面臨水資源不足的問題時，如果農民想要每年穩定的種植水稻，他們可以怎麼做？,嘗試改變種植方式,等到水資源充足時再種植,維持原本的生產方式,要求政府運水到農地。,1
社會,某一新興傳染病爆發後，政府宣布封城，禁止民眾外出，這項措施可能會影響哪一種基本人權？,自由,平等,生命,受教育。,1
社會,在臺灣，有些農民嘗試改變水稻種植的方式來降低用水量，請問這些農民為什麼要這樣做？,降低生產成本,增加水稻產量,因應氣候異常,提升水稻品質。,3
社會,在烏干達，為什麼兒童被迫在環境惡劣的地方工作？,培養兒童的挫折容忍力,增進兒童的生活素養,兒童半工半讀是當地的傳統,經濟壓力迫使兒童必須工作。,4
社會,下列何者不是 國合會援助外國的工作項目？,舉辦「飢餓三十」的體驗活動,派遣技術團教導外國農民種植技術,與醫院進行技術交流，協助培育醫療人才,招募華語教師前往教授，並推廣文化活動。,1
社會,為什麼世界人權宣言提出不分種族、膚色、性別、語言、宗教、政治、身分等，每個人都應該享有基本人權？,強調人人平等,確保經濟發展,尊重宗教信仰,提升女性地位。,1
社會,觀察下圖，可見烏干達的兒童被迫在惡劣的環境中擔任童工，這些兒童的哪一項基本權利最可能受到影響？,工作權,生命權,受教育權,投票權。,3
社會,關於聯合國的敘述，下列何者錯誤？,目前世界各國皆是會員國之一,是目前全球規模最大的國際組織,主要工作是維護世界和平,每年會定期與會員國召開會議。,1
社會,「飢餓三十」是下列哪一個國際組織所舉辦的活動？,聯合國,世界展望會,世界衛生組織,國際特赦組織。,2
社會,全球碳排放量快速增加的原因，與下列何者有關？,發展再生能源,植樹造林,節能減碳政策,產業發展。,4
社會,下列何者不是 國際綠色和平組織所關注的議題？,保護雨林,經濟成長,保育海洋,氣候變遷。,2
社會,引進國際移工可能會引起下列哪一種問題？,影響本國籍勞工求職,增加國內教育負擔,造成大眾運輸擁擠,外國觀光客大幅減少。,1
社會,為什麼身在臺灣的我們需要去關心全球暖化的環境議題？,表現臺灣的經濟實力,可能影響臺灣未來的環境,展現臺灣的防災科技,增加臺灣對世界的影響力。,2
社會,近年來，嚴重特殊傳染性肺炎在全球爆發，下列何者不是加速傳染病傳播的原因？,多國發生戰爭,全球化,跨國旅遊頻繁,交通技術革新。,1
社會,西元２０１４年，馬拉拉‧尤沙夫賽成為諾貝爾和平獎最年輕的得主，下圖是她在演講時曾說過的願景，請根據這句話，判斷馬拉拉致力於提倡下列哪一項基本人權？,工作權,生命權,受教育權,自由權。,3
社會,中彥閱讀一份資料，內容提到：「聯合國氣候變化綱要公約的巴黎協定簽署完成後，各國設定在西元□□□□年達成淨零排放的目標。」請問□□□□的時間點為何？,2015,2030,2045,２０５０。,4
社會,關於台灣路竹會的敘述，下列何者正確？,只在國內的偏遠部落提供醫療服務,是行政院所組成的非政府組織,透過醫療行動，關懷全球的弱勢族群,西元２０１５年才成立，協助的國家及人數並不多。,3
社會,為什麼疫苗資源在世界各地分配不均時，會影響疫情的終結？,降低疫苗的價格,增加疫苗的副作用,疫苗生產過剩,部分地區無法獲得足夠的免疫力。,4
社會,全球暖化已經是現代人類無法避免的問題，下列關於全球暖化的敘述何者正確？,是南極、北極冰山融化所造成,主因是全球碳排放量增加,全球暖化對先進國家沒有影響,暖化有助於糧食產量提升。,2
社會,下圖是南極冰山融化、崩塌的情況，造成圖片中的這種現象，與下列哪一種原因最相關？,全球暖化,地震頻繁,海水倒灌,海浪侵蝕。,1
社會,下列何者是世界衛生組織的成立目的？,舉辦國際運動賽事，促進各國運動員的友誼與團結,關注氣候變遷、守護雨林及海洋保育等議題,為了解決國際爭端，維護世界和平,為了促進全球公共衛生發展。,4
社會,為什麼我們選擇購買友善對待環境或社會的產品時，可以改善世界其他地方居民的環境或生活？,減少對環境與人權的剝削,販售價格較便宜,凝聚國際間的共識,加快運送到世界各地。,1
社會,淨零排放目前是國際上許多國家的共識，「淨零排放」的概念是指下列何者？,所有碳排放量都歸零,將碳排放到其他國家,透過科技及自然等方式，抵銷碳排放量,強行禁止任何造成碳排放的行為。,3
社會,當國外某地發生傳染病，世界衛生組織也將其發布為「國際公共衛生緊急事件」，我國政府應該採取哪一項措施，來阻止國外的傳染病進入國內？,施打疫苗,邊境管制,停止實體上班上課,分配疫苗資源。,2
社會,在嚴重特殊傳染性肺炎疫情大規模流行期間，為什麼各國政府紛紛採取防疫措施？,提升經濟發展,增加社會福利,維護民眾健康,改善環境汙染。,3
社會,聖維看到有團體在學校內招募華語教師，培訓後到國外協助推廣文化活動，請問這可能是由哪一個團體所招募？,財團法人國際合作發展基金會,聯合國,國際奧林匹克委員會,世界貿易組織。,1
社會,根據聯合國發布的世界人權宣言，下列關於人權的敘述何者正確？,人類是否能享有人權要靠運氣,身為人都應該享有的基本人權,有身分地位的人才能享有人權,不同信仰的人享有不同的人權。,2
社會,科學家觀察非洲的生態環境，發現可可樹的面積與森林的面積消長有關係，請問下列哪一項推論比較正確？,農民種植可可樹時，也會同時種植和森林相同的樹木,農民種植可可樹時，需要砍伐與燒毀森林,農民為了讓可可樹生長得更好，會將可可樹種在森林中,農民為了增加森林面積，需要種植更多的可可樹。,2
社會,臺灣引進國際移工，有助於解決哪一項問題？,文化歧視,文化偏見,工資過低,缺少勞工。,4
社會,在興建世界盃足球賽場館期間，卡達曾發生多起國際移工因參與世界盃相關工程而導致傷亡，以及雇主拖欠薪資等問題，引起哪一個組織的關切？,世界貿易組織,世界衛生組織,國際勞工組織,國際公平貿易組織。,3
社會,淳原看到遊行隊伍的布條上寫著「綠色和平」，關於這個國際組織的訴求，下列何者說明錯誤？,目標是呼籲降低各國關稅,呼籲民眾能一起守護雨林、保護地球,呼籲重視全球暖化造成的危害,關注氣候變遷與海洋保育等問題。,1
社會,臺灣已經加入下列哪一個國際組織？,世界衛生組織,聯合國,世界貿易組織,歐洲聯盟。,3
社會,來自印尼的尤妮在臺灣擔任看護，她經常超時工作，卻沒有獲得合理的薪資待遇。請問她可能是因為哪一種因素，難以替自己爭取合理的工作權益？,精通中文,宗教信仰,非本國籍,學歷優秀。,3
社會,臺灣因為國際地位特殊，當我國運動員參加奧運時，是以哪一個名稱出賽？,臺灣,中華臺灣,中華臺北,中華民國。,3
社會,觀察下圖，某個國際組織舉辦遊行活動，過程中抬出北極熊玩偶表達訴求。這個國際組織最可能關注下列哪一項議題？,疾病防治,氣候變遷,貿易關稅,戰爭衝突。,2
社會,嘉明收看奧運羽球比賽，為代表臺灣出賽的選手加油，請問這項賽事是由下列哪一個國際組織所主辦？,世界貿易組織,世界展望會,國際綠色和平組織,國際奧林匹克委員會。,4
社會,為了避免臺灣遇到氣候異常而發生旱災，又無法順利從國外進口糧食而導致缺糧危機，你會建議政府優先採取哪一種措施解決糧食問題？,增加糧食出口,加強糧食儲備,減少糧食進口,限制糧食進口。,2
社會,位於太平洋的馬紹爾群島，雖然全國的碳排放量極低，為什麼卻深受全球暖化的影響，國土面臨被海水淹沒的威脅？,全球暖化發生在海洋,全球生態環境緊密相依,馬紹爾群島附近有許多冰山,全球暖化只會影響島嶼。,2
社會,外交部：「長期以來，政府透過財團法人國際合作發展基金會，協助友好及開發中國家的經濟、醫療及社會發展，並以提供遭受天然災害國家或國際難民人道協助為己任。」關於以上內容，下列敘述何者正確？,臺灣積極協助國際社會、提升國際能見度,臺灣的醫療技術落後,開發中國家的醫療資源非常豐富,聯合國強制會員國要協助其他開發中國家。,1
社會,立德嘗試以降低用水量的方式栽種水稻，雖然能維持穩定的生產，但是產量卻變少了，請問這樣符合農業的永續發展嗎？,符合，因為可以在長期乾旱時維持生產,不符合，產量降低可能無法充足供應,不一定，看產量能不能解決缺糧問題,不一定，新的種植法未必能穩定生產。,1
社會,身為地球村的一員，下列哪一個人的行為，與善盡世界公民的責任與義務無關？,明峰透過新聞關注烏 俄戰爭的消息,郎世只關心自己生活周遭的事情,惠華在世界展望會擔任志工,孟樵到國外教導當地農民種植作物。,2
社會,推行下列哪一項政策，有助於改善國際移工在臺灣的工作環境？,提供免費的交通運輸工具,定期舉辦運動競賽,延長工作的時間,監督雇主並保護移工的權利。,4
社會,世界人權宣言已發布多年，為什麼部分國家或地區仍有不平等的狀況？,全世界都積極配合遵守,富裕國家的民眾才享有人權,每個國家保障人權的狀況有所不同,貧窮地區的人們不必享有人權。,3
社會,世界上有許多遠赴其他國家工作的國際移工，而引進國際移工的國家通常是因為什麼原因而需要移工的協助？,文化交流出現困境,國內人口嚴重不足,相關產業缺乏勞工,本國勞工人力過剩。,3
社會,政府在防疫期間停止實體上課，改成實施線上課程，比較不會對學生造成哪一種影響？,影響學習權利,學習效果受限,身體狀況快速惡化,中斷人際的交流往來。,3
社會,如果有一天你到其他國家工作，遇到雇主拖欠薪資時，你可以如何解決這個問題？,替雇主著想，不強求領到薪資,向當地政府或國際勞工組織求助,要求當地民眾參與示威遊行,立刻辭職回到臺灣。,2
社會,力民從事水稻種植，近年來常面臨氣候異常和水資源不足的狀況，必須定期輪流休耕，但他還是很想要繼續種植水稻，請問他可以怎麼做比較恰當？,要求政府機關將水載運到農地,什麼都不做，讓水稻自行生長,參加祈雨活動，相信上天一定會下雨,聯繫相關單位，嘗試新的種植方法。,4
社會,下列何者不是 臺灣希望加入世界衛生組織的原因？,保障國人健康,參與國際事務,增加貿易收入,健全防疫體系。,3
社會,許多媒體談論「全球暖化」的新聞事件，請問全球暖化指的是下列哪一種現象？,全球氣候變得異常,全球海平面上升,全球平均氣溫上升,全球平均降雨量減少。,3
社會,為什麼貧窮地區的兒童更容易被迫從事勞動工作，而不是上學接受教育？,兒童的身材具有優勢,受到經濟壓力的影響,兒童的反應比較靈活,受到宗教信仰的影響。,2
社會,現今國際社會交流頻繁，因此帶來了下列何種缺點？,遇到重大災難時可互相幫助,問題或衝突可能迅速擴散,有助於解決國際的共同問題,促進區域穩定。,2
社會,根據媒體報導，直到西元２０２４年，世界上許多產業依然雇用童工，其中包括生產可可豆與咖啡。做為消費者的我們，可以如何以我們的力量改善這個現象？,戒掉巧克力與咖啡,親自到產地幫忙採收,高價收購由童工採收的農產品,拒絕消費雇用童工生產的產品。,4
社會,下圖是西元２０２２年的美國原油油價變化趨勢，請觀察圖片，判斷２０２２年年初的油價波動較可能與下列何者有關？,美國開挖到新的油田，石油產量大幅增加,俄羅斯與烏克蘭發生戰爭，影響石油供應,氣候異常使得在地球上的石油變得更少,許多國家調整能源政策，減少使用石油。,2
社會,你會建議政府推行下列哪一項政策，幫助我國達成淨零排放的目標？,提倡燃煤發電,鼓勵大家購買燃油車,拆除太陽能板，維持生態環境,發展大眾運輸。,4
社會,為什麼世界各國達成共識，要在未來達成「淨零排放」的目標？,促進科技發展,維持區域平衡,減緩全球暖化,避免爆發戰爭。,3
社會,下圖為臺灣的淹水災害風險評估圖，請觀察現況與假設氣溫上升４℃的地圖，若全球氣溫上升４℃，最可能發生何種變化？,高山地區的淹水風險降低,西部平原的淹水風險提高,西部地區的陸地面積增加,東部地區全部淹沒在水裡。,2
社會,下表為臺灣加入世界貿易組織（ＷＴＯ）前後的米價，下列何者為臺灣加入ＷＴＯ後可能出現的情況？,國產米銷售量增加,進口米價格不斷上升,稻農面臨價格競爭壓力,消費者的選擇變少。,3
自然,在大自然中，同時間生活在相同區域的同種生物個體所組成的群體，稱為族群。,○,×,,,1
自然,外來入侵種生物會造成經濟損失和生態破壞。,○,×,,,1
自然,動物之間有競爭關係，植物之間也會為了獲取陽光而競爭。,○,×,,,1
自然,為了維護生物多樣性，使生物多樣性可以持續發展，國際訂定生物多樣性公約。,○,×,,,1
自然,熱帶雨林的氣候溫暖潮溼、雨量豐沛，長頸鹿和斑馬在這裡生存。,○,×,,,2
自然,生物之間若為寄生關係，被寄生生物的利益會受到損害。,○,×,,,1
自然,氣候變遷會影響陸域和水域生態系，使生物棲地喪失、分布範圍改變，甚至造成物種滅絕。,○,×,,,1
自然,生物多樣性與生態環境有密切關係，但與人類的健康和經濟發展無關。,○,×,,,2
自然,外來種生物是指出現在原本不存在的環境中的生物。,○,×,,,1
自然,有些共生關係對雙方都有好處，有些則僅對其中一方有好處，對另一方並無太大的影響。,○,×,,,1
自然,海洋是地球上分布最廣的生態系，依據海水深度、水溫、透光程度等差異，分為潮間帶、淺海區和大洋區。,○,×,,,1
自然,臺灣制定了野生動物保育法來保護大自然中的野生動物，並建立生物多樣性資料庫來了解臺灣生物多樣性的現況。,○,×,,,1
自然,為了對抗外來種入侵生物，可以從國外再引進其他動物來捕食它們，以減少外來種生物的數量。,○,×,,,2
自然,退潮時，在河口生態系可以看到許多招潮蟹出現在泥灘地上覓食。,○,×,,,1
自然,生物為了適應不同的環境條件，身體的構造會產生不同的差異或規則性的變化。,○,×,,,1
自然,生物的特徵跟生存環境息息相關，像是生活在草原生態系的動物，大多具有良好的視覺、聽覺和嗅覺，也具有敏捷的肢體。,○,×,,,1
自然,螞蟻會保護蚜蟲，蚜蟲會排出含有糖分的蜜露供螞蟻食用，對雙方都互有好處，這代表螞蟻與蚜蟲之間是寄生關係。,○,×,,,2
自然,生長在熱帶雨林的植物，大多葉片寬大，而且會盡量長得很高，幫助增加太陽照射的面積。,○,×,,,1
自然,豐富的生物多樣性可以提供穩定的食物來源、減少害蟲、維持環境穩定。,○,×,,,1
自然,根據「蟬吸樹液、螳螂捕蟬、黃雀吃螳螂。」這句話的食物鏈關係，一級消費者是螳螂。,○,×,,,2
自然,臺灣政府透過防治外來種、保育原生物種來維護生物多樣性。,○,×,,,1
自然,臺灣櫻花鉤吻鮭是瀕臨絕種的生物，因此被列為保育類生物。,○,×,,,1
自然,生活中，我們可以落實友善環境的綠色消費行動來降低環境汙染。維護生物多樣性。,○,×,,,1
自然,植物是提供能量進入食物鏈的開端，食物鏈中→指向的方向，就是能量傳遞的方向。,○,×,,,1
自然,小花蔓澤蘭是臺灣的特有種生物，應該加強保育。,○,×,,,2
自然,臺灣位於熱帶和亞熱帶的交界處，地形上有許多高山，也有許多不同的森林環境。,○,×,,,1
自然,螞蟻保護蚜蟲，蚜蟲排出蜜露供螞蟻食用，彼此為共生關係。,○,×,,,1
自然,臺灣制定野生動物保育法來保護大自然中的動物，並建立生物多樣性資料庫了解臺灣生物多樣性現況。,○,×,,,1
自然,在「草→羊→人」的食物鏈中，人是扮演了二級消費者的角色。,○,×,,,1
自然,臺灣四面環海，與其他地區不相臨，因此有許多特有種生物。,○,×,,,1
自然,臺灣地處熱帶和亞熱帶氣候，從高山、森林、溪流、河口到海洋，地形高度相差大，具有豐富多樣的生態環境。,○,×,,,1
自然,只有動物才會有競爭關係，植物之間不會彼此競爭。,○,×,,,2
自然,凍原生態系的氣候非常寒冷，終年冰天雪地，這個環境沒有任何動物能夠生存。,○,×,,,2
自然,臺灣的生態環境豐富，孕育許多特有種生物，例如臺灣百合、臺灣藍鵲、玉山薄雪草等。,○,×,,,1
自然,稻米、芒草、地瓜、蕨類等植物在生態系中都是扮演生產者的角色。,○,×,,,1
自然,北極狐在冬季會換上一身青灰色的毛，幫助牠們隱藏在環境中。,○,×,,,2
自然,小花蔓澤蘭是多年生的藤本植物，生長的速度快，會攀附在其他植物上，對植物生長沒有影響。,○,×,,,2
自然,將生物以吃與被吃的關係依序相連，例如草→蝗蟲→雞，表示雞會吃蝗蟲，蝗蟲會吃草。,○,×,,,1
自然,生物多樣性是地球生命持續發展的基礎，與生態環境、人類的健康和經濟發展有密切關係。,○,×,,,1
自然,臺灣西南部的海域水深較深，經常可以看到鯨、豚的出沒。,○,×,,,2
自然,生活在沙漠生態系的駱駝，具有耐旱的能力，所以能適應沙漠乾燥缺水的環境。,○,×,,,1
自然,彈塗魚和玉山薄雪草都是臺灣的特有種生物。,○,×,,,2
自然,移除外來入侵種生物是維護生物多樣性的方法之一。,○,×,,,1
自然,生活在凍原生態系的北極狐，在夏季時會換上一身白色的毛，在冬季時會換上一身青灰色的毛。,○,×,,,2
自然,臺灣獼猴和臺灣藍鵲都是臺灣的特有種生物。,○,×,,,1
自然,只有隨貨物運送或人類活動不經意被帶到別處的生物，才會成為外來入侵種生物。,○,×,,,2
自然,河口是溪流從高山攜帶大量泥沙和營養物質沉積在河口，形成泥灘地，再加上受海水漲、退潮影響所形成的特殊生態系。,○,×,,,1
自然,自然界中，植物可以行光合作用自行製造養分，稱為生產者。,○,×,,,1
自然,同時間生活在相同區域內所有生物族群的集合，稱為族群。,○,×,,,2
自然,「氣候溫暖、潮溼，植物生長密集，且大多具有寬大的葉片，以增加光照面積。」是熱帶雨林的特徵。,○,×,,,1
自然,在大自然中，同時間生活在相同區域的同種生物個體所組成的群體，稱為群集。,○,×,,,2
自然,地球上各種生態環境，各有其不同的特徵，所以會孕育出不同的生物種類。,○,×,,,1
自然,真菌可以分解動、植物的遺骸、排泄物等，使構成生物體的物質返回土壤中，再被植物利用。,○,×,,,1
自然,當生物之間爭取相同的資源時，例如鳥和蛙都是以昆蟲為食，會產生競爭關係。,○,×,,,1
自然,生物多樣性可以減少害蟲，因生物間食物鏈的關係，可以減少農作物的病蟲害。,○,×,,,1
自然,小翔去公園，發現有許多鴿子聚集，這些鴿子是群集。,○,×,,,2
自然,仙人掌具有保存水分和減少水分散失的能力，因此可以適應沙漠的乾燥氣候。,○,×,,,1
自然,海洋生態系可分為潮間帶、淺海區和大洋區，其中只有淺海區有豐富的生物，潮間帶和大洋區則沒有生物能生存。,○,×,,,2
自然,同種生物的個體之間不會有競爭關係。,○,×,,,2
自然,所有的共生關係對生物雙方都互有好處。,○,×,,,2
自然,在臺灣，有些生物已經瀕臨絕種，我們應該要好好愛護它們。,○,×,,,1
自然,將生物以吃與被吃的關係依序相連，稱為食物鏈。,○,×,,,1
自然,當生物間有寄生關係時，被寄生生物的利益不會受到影響。,○,×,,,2
自然,菟絲子可以長出寄生根，伸入其他植物體內獲取養分，但不會影響植物的生長。,○,×,,,2
自然,生物間有不同的交互關係，包括競爭、共生和寄生等。,○,×,,,1
自然,臺灣位於熱帶與亞熱帶交界處，有許多高山，因此森林的組成非常多樣化，有闊葉林、針葉林，也有針闊葉混合林等各種不同形態的森林。,○,×,,,1
自然,生活在凍原生態系的北極熊，身體內儲存著許多脂肪來禦寒。,○,×,,,1
自然,復育瀕臨絕種的生物、進行外來入侵種生物清除工作、設置國家公園與自然保留區，都是臺灣目前採取的維護生物多樣性行動。,○,×,,,1
自然,沙漠生態系由於氣候炎熱、缺乏水分，所以只有植物生存，動物無法生存。,○,×,,,2
自然,任由從中、南美洲引入的銀合歡繁殖，不會影響到原來的自然環境。,○,×,,,2
自然,當某個地區的外來入侵種生物越多，該地區的生物多樣性也會越高。,○,×,,,2
自然,小廷想要進行校園生物群集的調查，他只需要調查一種生物就可以達成目標。,○,×,,,2
自然,當自然界中的生物死亡後，身體會被生產者分解回到土壤中，可以再被植物利用。,○,×,,,2
自然,生物多樣性降低雖然會導致資源匱乏，但對人類的生存不會產生任何影響。,○,×,,,2
自然,布袋蓮是臺灣原生植物，因為河川汙染和大量開墾，已經快要瀕臨絕種，必須盡快復育。,○,×,,,2
自然,凍原生態系氣候乾燥，日夜溫差大，生存此地的生物大多有耐旱的特性。,○,×,,,2
自然,將斑馬吃草、獅吃斑馬的關係標示為食物鏈，是「獅→斑馬→草」。,○,×,,,2
自然,動物呼吸本來就會呼出二氧化碳，所以地球上二氧化碳的濃度高低，對於自然環境沒有任何影響。,○,×,,,2
自然,肉食性動物通常屬於二級或三級以上的消費者。,○,×,,,1
自然,大量放生外來種動物或種植外來種植物，可以增加原生動物、植物的種類和數量。,○,×,,,2
自然,大量引進外來種生物有助於提高環境中的生物多樣性。,○,×,,,2
自然,動物需要進食來獲取營養，來維持生命。,○,×,,,1
自然,生物多樣性與生態環境、人類的健康和經濟發展有密切關係。,○,×,,,1
自然,地球上的二氧化碳濃度增加，會加劇溫室效應，造成氣候變遷。,○,×,,,1
自然,根據「植物→蝗蟲→雞」的食物鏈，可以知道能量會由植物傳遞到蝗蟲，再由蝗蟲傳遞到雞。,○,×,,,1
自然,臺灣的高山氣溫低、常有強風吹襲，加上地表多碎石、少養分，但仍有生物生存，例如臺灣野山羊。,○,×,,,1
自然,草→蝗蟲→雞的食物鏈中，草為生產者、雞為一級消費者。,○,×,,,2
自然,所有的外來種生物，都會成為外來入侵種生物。,○,×,,,2
自然,共生是兩種生物共同生活在一起，至少有一方受益的關係；而寄生是其中一方受益、另一方受損的關係。,○,×,,,1
自然,瀕危物種紅色名錄可以評估生物的瀕危等級，作為保護生物的依據。,○,×,,,1
自然,福壽螺可以在臺灣的一般水域自然繁殖、生長，不會影響到自然環境生態。,○,×,,,2
自然,有些外來種是無意間被人類帶到別處，但有些則是人類刻意引進的，結果造成自然環境的破壞。,○,×,,,1
自然,不當的資源開發只會破壞環境和影響特定的生物，不會影響生物多樣性。,○,×,,,2
自然,生活在凍原的動物，大多具有比較肥厚的皮下脂肪，能抵禦寒冷的氣候。,○,×,,,1
自然,在校園草地裡，發現大花咸豐草、紫花酢漿草、螞蟻、蟋蟀、蝗蟲等生物，以上敘述是由多個物種組合成的族群。,○,×,,,2
自然,太陽的能量會透過消費者進入食物鏈，因此消費者是能量進入食物鏈的開端。,○,×,,,2
自然,生活在沙漠生態系中的動物大多具有濃密的皮毛與肥厚的皮下脂肪，可以抵禦寒冷的環境，例如北極狐、北極熊等。,○,×,,,2
自然,能量會經由食物鏈在不同物種間流動。,○,×,,,1
自然,因為人類的活動或開發，破壞生物的生存環境，有些生物會有瀕臨絕種的危機，那些生物就會被列為特有種生物。,○,×,,,2
自然,榕樹的樹蔭下幾乎沒有其他植物生長，是因為在榕樹的樹蔭下無法獲得陽光。,○,×,,,1
自然,可以行光合作用，自行製造養分的植物會是分解者。,○,×,,,2
自然,溪流生態系中常見的生物有鯨、豚、珊瑚和海藻等，是地球上分布最廣的生態系。,○,×,,,2
自然,根據「植物→蝗蟲→雞→人」的食物鏈，可以知道蝗蟲是一級消費者、雞是二級消費者，人是三級消費者。,○,×,,,1
自然,北極狐和旅鼠是凍原生態系常見的動物。,○,×,,,1
自然,臺灣特有種生物是指只有生長在臺灣本土，其他地區沒有的生物，例如玉山薄雪草。,○,×,,,1
自然,肉食性動物會是一級消費者。,○,×,,,2
自然,外來入侵種生物的共同特性是侵略性強、生命力強，而且通常繁殖力也很強，數量會快速增加。,○,×,,,1
自然,每年冬季，在臺灣西海岸可以看到許多由北方飛來渡冬的冬候鳥，這些候鳥也算是外來種生物。,○,×,,,2
自然,小花蔓澤蘭原產於中、南美洲，生長的速度快，會快速覆蓋其他植物，阻擋陽光導致被攀附的植物因為營養不良而枯死。,○,×,,,1
自然,臺灣南部海岸有美麗的珊瑚礁，常見生物有藻類、海星、熱帶魚、蝦、蟹等。,○,×,,,1
自然,有些溪流的水流速度很快，岸邊沒有植物可以生長，使得水中動物沒有食物吃，所以這些溪流中沒有動物能生存。,○,×,,,2
自然,臺灣四面環海，面積不大，所以生物多樣性低。,○,×,,,2
自然,在森林裡，有榕樹、蕨類植物成群生長，還有赤腹松鼠、白頭翁等動物，這些生物的集合被稱為什麼？,群集,族群,部落,景色。,1
自然,大花咸豐草在食物鏈中通常扮演什麼角色？,生產者,一級消費者,二級消費者,分解者。,1
自然,下列哪一種不是臺灣的特有種生物？,臺灣藍鵲,玉山薄雪草,吳郭魚,臺灣百合。,3
自然,下列關於食物鏈的敘述，哪一項是正確的？,如果蝗蟲吃草，食物鏈應該是蝗蟲→草,以生產者為食的動物是二級消費者,可代表生物間吃與被吃的關係,食物鏈最高只會到二級消費者。,3
自然,下列哪一組生物生長在「河口生態系」中？,珊瑚、小丑魚,招潮蟹、水筆仔,海象、北極熊,斑馬、羚羊。,2
自然,臺灣擁有豐富且多樣的生態環境，下列哪一項敘述不正確？,四面環海,氣候溫暖,雨量稀少乾旱,地形種類豐富。,3
自然,下列哪一種生物不是河口生態系常見的生物？,彈塗魚,水筆仔,招潮蟹,臺灣櫻花鉤吻鮭。,4
自然,下列哪一種動物和北極狐一樣，冬季會換上淺色的毛、夏季會換上深色的毛？,北極熊,北極兔,馬來貘,獅。,2
自然,有關生物多樣性重要性的敘述，下列哪一項不正確？,可以提供人類食物來源,增加農作物的病蟲害,維持環境穩定，調節氣候,與人類的健康密切相關。,2
自然,同時間生活在相同區域的同種生物個體所組成的群體，稱作什麼？,群集,族群,部落,群落。,2
自然,在校園地面上發現一群正在活動的螞蟻，這群螞蟻屬於哪一個層級？,群集,族群,部落,個體。,2
自然,下列哪一組生物和生態系的配對是正確的？,招潮蟹—河口生態系,珊瑚—沙漠生態系,又直又高、葉片寬大的樹木—凍原生態系,仙人掌—森林生態系。,1
自然,下列哪一種人類的行為，會對生物多樣性有不好的影響？,任意引進外來種生物,復育瀕臨絕種的原生動物、植物,限制山坡地開發,設立自然保留區。,1
自然,如果想看到野生的獅和斑馬，應該要去下列哪一個生態系？,凍原,森林,沙漠,草原。,4
自然,馬來貘適合生存在哪一個生態系中？,沙漠,河口,草原,森林。,4
自然,生態系中哪一個角色可以分解動、植物的遺骸、排泄物等，將構成生物體的物質回到環境中？,生產者,一級消費者,二級消費者,分解者。,4
自然,下列生物中，哪一種是臺灣的外來入侵種生物？,臺灣黑熊,食蛇龜,黃裳鳳蝶,斑腿樹蛙。,4
自然,有關生物多樣性的重要性，下列哪一項敘述是正確的？,增加溫室氣體，造成氣候變遷,增加農作物的病蟲害,增加土壤的負荷,提供人類更多的糧食及醫藥來源。,4
自然,下列生態系中，哪一種屬於陸域環境？,海洋生態系,溪流生態系,湖泊生態系,草原生態系。,4
自然,若有某種鳥和蛙都以捕捉昆蟲為食，下列哪一項最有可能是牠們之間會產生的交互關係？,競爭關係,寄生關係,共生關係,食物鏈關係。,1
自然,下列哪一項措施不是國際為維護生物多樣性的作為？,制定野生動物保育法,簽署生物多樣性公約,制定瀕危物種紅色名錄，評估生物的瀕危等級,聯合國提出永續發展目標。,1
自然,臺灣野山羊生活在哪一種生態環境中？,河口,海洋,溪流,高山。,4
自然,下列哪一種生物最有可能生存在溪流生態系？,招潮蟹,北極熊,翠鳥,仙人掌。,3
自然,臺灣四面環海，哪一個海域因為水較深，所以常有鯨、豚出沒？,東部,西部,南部,北部。,1
自然,單獨一隻生物是屬於下列哪一個生物層級？,群集,族群,個體,群落。,3
自然,下列哪一種生物是臺灣的特有種生物？,長頸鹿,仙人掌,臺灣百合,巨嘴鳥。,3
自然,下列哪一種生物不是臺灣的保育類生物？,臺灣黑熊,馬櫻丹,南湖柳葉菜,黃裳鳳蝶。,2
自然,生物多樣性面臨了許多威脅，下列哪一項不是生物多樣性正面臨的威脅？,開發自然資源，破壞生物的棲地,隨意排放廢水,設立自然保護區保護環境,工廠排放大量溫室氣體。,3
自然,下列哪一種生物不會在沙漠生態系中發現？,駱駝,仙人掌,長頸鹿,跳鼠。,3
自然,下列哪一項不是草原生態系的環境和生物特徵？,地形平坦，較少高大樹木,草原動物大多具有良好的嗅覺、視覺和聽覺,生物具有耐寒的能力,乾季和雨季分明。,3
自然,下列哪一個行為無法維護生物多樣性、保護生態環境呢？,隨意將廢水排入河川,購物時，購買本地、當季的產品,參加外來入侵種的清除工作,設立國家公園與自然保留區。,1
自然,沙漠生態系的氣候乾燥，所以居住其中的生物大多具有什麼能力？,暫停呼吸的能力,跳躍能力,適應乾旱環境的能力,飛行能力。,3
自然,下列哪一項不是臺灣高山地區的環境特徵？,氣溫低,風力強,地表多肥沃土壤,地形陡峭。,3
自然,有關生物與生物間的競爭關係，下列哪一個敘述不正確？,動物為了搶奪食物會產生競爭關係,植物之間沒有競爭關係,不同種生物間有競爭關係,同一種生物的個體之間也會互相競爭。,2
自然,「平腹小蜂會將卵產到椿象的卵裡，以椿象卵的養分來孵化出平腹小蜂。」這是生物間的什麼關係？,競爭,共生,寄生,捕食。,3
自然,水筆仔、招潮蟹、小白鷺是哪一個生態系中常見的生物？,海洋生態系,河口生態系,淡水生態系,森林生態系。,2
自然,下列哪一種生物在食物鏈中，通常是扮演生產者的角色？,草,蚱蜢,麻雀,鷹。,1
自然,「榕樹提供榕果小蜂產卵孵化的空間，而榕果小蜂則幫助榕樹授粉。」這是生物間的什麼關係？,競爭,共生,寄生,捕食。,2
自然,下列哪一組生物是寄生關係？,榕樹與榕果小蜂,平腹小蜂與椿象,鳥巢蕨與樹木,魚與鯊魚。,2
自然,下列哪一種生物主要生活在臺灣的河口生態系？,赤腹松鼠,企鵝,招潮蟹,海豚。,3
自然,臺灣南部的海岸有珊瑚礁生長，還有各種生物，下列哪一種生物不會出現在這裡？,小丑魚,企鵝,海星,熱帶魚。,2
自然,在「稻→蝗蟲→澤蛙→蛇」的食物鏈中，哪一種生物是一級消費者？,稻,蝗蟲,澤蛙,蛇。,2
自然,大魚吃小魚、小魚吃小蝦、小蝦吃矽藻的食物鏈是「矽藻→小蝦→小魚→大魚」其中哪一個最有可能是生產者？,大魚,小魚,小蝦,矽藻。,4
自然,下列哪一組是河口生態系常見的生物？,小白鷺、水筆仔、招潮蟹,冷杉、赤腹松鼠、青蛇,珊瑚礁、小丑魚、海星,臺灣櫻花鉤吻鮭、臺灣百合、臺灣藍鵲。,1
自然,我們在臺灣並不會發現下列哪一種自然環境？,溪流,河口,沙漠,高山。,3
自然,下列哪一種不是生活在凍原生態系的動物？,北極狐,北極熊,旅鼠,馬來虎。,4
自然,大魚吃小魚、小魚吃小蝦、小蝦吃矽藻的食物鏈是「矽藻→小蝦→小魚→大魚」其中哪一個是二級消費者？,大魚,小魚,小蝦,矽藻。,2
自然,下列哪一項行動無法維護生物多樣性？,減少使用塑膠製品,物品重複使用,購買包裝複雜的商品,購物時選擇本地的產品。,3
自然,下列生物中，哪一種不是臺灣的外來入侵種生物？,福壽螺,吳郭魚,小花蔓澤蘭,食蛇龜。,4
自然,關於熱帶雨林的特徵，下列哪一項敘述不正確？,氣候溫暖潮溼,雨量豐沛,植物非常茂密,樹木葉子大多呈現狹窄尖細的形狀。,4
自然,關於生存在不同生態系的生物各具有什麼特殊構造以適應環境的敘述，下列哪一項是正確的？,沙漠生物大多對水分的需求量非常高,森林雨量豐沛，植物多為大型樹木，但幾乎沒有動物生存,凍原生物大多具有肥厚的皮下脂肪，以抵禦寒冷氣候,海洋屬於鹹水水域，水溫高低和水域深淺大致都相同。,3
自然,關於一級消費者的敘述，下列哪一個不正確？,是以生產者為食物的動物,大多是草食性動物,大多是肉食性動物,羊是一級消費者。,3
自然,關於臺灣的生態系，下列哪一項說明不正確？,有許多沙漠分布,四面環海,地形高度相差大,地處熱帶和亞熱帶氣候。,1
自然,下列哪一種不是生存在草原生態系的生物？,海豚,獅,羚羊,長頸鹿。,1
自然,下列哪一項不是草原生態系及其生物的特色？,地形平坦開闊、較少高大的樹木,有許多大型草食性動物和肉食性動物,夏季短，植物多為低矮的苔蘚與草本植物,動物大多具有良好的視覺、嗅覺和聽覺，以及靈活敏捷的肢體。,3
自然,駱駝厚厚的皮毛能減少水分蒸發，是為了適應下列哪一種環境特徵？,雨量豐沛,氣候潮濕,地表終年有雪,氣候乾燥。,4
自然,下列哪一項是臺灣政府為維護生物多樣性而制定的法律？,生物多樣性公約,瀕危物種紅色名錄,野生動物保育法,著作權法。,3
自然,下列哪一組生物的共生關係對雙方都互有好處？,?魚和鯊魚,鳥巢蕨和雀榕,螞蟻和蚜蟲,蝴蝶蘭和樹木。,3
自然,下列哪一種生物，最不容易在臺灣的河口生態系看到？,招潮蟹,駱駝,水筆仔,小白鷺。,2
自然,下列生物中，哪一組不是出現在臺灣的外來種生物呢？,橙腹樹蛙、南湖柳葉菜,牛蛙、吳郭魚,馬櫻丹、布袋蓮,馬櫻丹、吳郭魚。,1
自然,下列哪一個生態系可以發現「身體具有肥厚的脂肪，可以幫助禦寒」的動物？,河口,凍原,森林,草原。,2
自然,我們應該怎麼做，才可以幫助減少外來入侵種生物對自然環境的破壞？,從國外大量引進外來入侵種生物的天敵,不購買和飼養來路不明的動、植物,不想養的動物直接棄養在公園中,引進更多外來入侵種生物，讓牠們互相競爭。,2
自然,下列哪一組生物都是臺灣的特有種生物？,臺灣藍鵲、玉山薄雪草,臺灣百合、斑腿樹蛙,臺灣獼猴、馬櫻丹,臺灣黑熊、布袋蓮。,1
自然,生活在凍原生態系的動物，大部分都有一種共同的生理構造可以禦寒，請問是下列哪一種特徵？,肥厚的皮下脂肪,可以排出鹽分的構造,細長適合奔跑的四肢,保存水分的構造。,1
自然,下列哪一種生物不是臺灣的外來種生物？,食蛇龜,斑腿樹蛙,小花蔓澤蘭,荔枝椿象。,1
自然,下列哪一組生物是凍原生態系的生物？,跳鼠、仙人掌,北極熊、旅鼠,馬來虎、馬來貘,海豚、小丑魚。,2
自然,在生活中，下列哪一個行動對維護生物多樣性沒有幫助？,使用可重複利用的物品,選擇購買非當季、非本地的產品,參加外來入侵種清除工作,盡量避免使用塑膠製品。,2
自然,下列哪一種生物在食物鏈中會是扮演生產者的角色？,食蛇龜,白頭翁,黃裳鳳蝶,榕樹。,4
自然,生活在凍原生態系的生物主要具有什麼特徵？,擅長奔跑,可以適應乾旱環境,可以適應高鹽分的環境,具有肥厚的皮下脂肪禦寒。,4
自然,下列哪一組生物與生存生態系的配對是不正確的？,招潮蟹─河口生態系,馬來貘─森林生態系,翠鳥─海洋生態系,臺灣鏟頷魚─溪流生態系。,3
自然,關於能量在食物鏈「柑橘→蝴蝶→鳥」中傳遞的敘述，下列何者不正確？,柑橘將太陽的光能轉為養分，是能量進入食物鏈的開端,蝴蝶的能量來自柑橘,能量由蝴蝶傳遞給鳥,能量傳遞方向為鳥→蝴蝶→柑橘。,4
自然,有關氣候變遷對地球生態環境造成的影響，下列哪一項敘述不正確？,異常季節變化會打亂植物的開花週期,使病媒蚊活動範圍增加，危害人類的健康,造成海水溫度上升，有助於北極熊的生存,使候鳥提早遷移與繁殖，導致個體和族群間的競爭增加。,3
自然,為了維護生物多樣性營造永續發展的環境，我們可以採取下列哪一個行動？,落實綠色消費行動,購買進口農產品,引進外來種生物,不限制開發。,1
自然,下列哪一項不是臺灣目前維護生物多樣性的行動？,進行外來種生物移除工作,復育瀕臨絕種的動、植物,設置國家公園與自然保留區,舉辦大規模的動物放生活動。,4
自然,臺灣吻蝦虎的腹鰭特化成吸盤狀，可以吸附在岩石上，避免被水流沖走，牠最有可能生活在下列哪一種環境中呢？,高山,溪流,河口,沙丘。,2
自然,有關「河口生態系」生態的說明，下列哪一項是正確的？,位於河川與海洋交界處，含有大量養分,地表終年有雪覆蓋,乾旱且日夜溫差大,沒有任何植物生長。,1
自然,下列哪一組生物之間的關係，具有受到損害的一方？,螞蟻和蚜蟲,?魚和鯊魚,寄居蟹和海葵,跳蚤和狗。,4
自然,符合下列哪一個條件的外來種生物，可以稱為「外來入侵種生物」？,一定要是動物,一定要是昆蟲,可以使原生生物的種類或數量變多,會威脅原生生物的生存。,4
自然,下列哪一組生物的共生關係和寄居蟹與海葵的共生關係相同，都是共生的雙方互有好處？,?魚和鯊魚,鳥巢蕨和雀榕,螞蟻和蚜蟲,藤壺和鯨。,3
自然,下列哪一項不是外來種生物出現在臺灣的原因？,跟著貨櫃從美國進口,為了當寵物從非洲引進,為了食用從南美洲引進,候鳥從北方飛來臺灣過冬。,4
自然,小明去某個地方旅遊，發現該地有招潮蟹、水筆仔、小白鷺等，在日常生活中較少看過的生物。請問這個地方屬於什麼生態系？,河口,海洋,沙漠,森林。,1
自然,小明玩生態系與生物的配對遊戲時，不小心貼錯了一組配對，請問是下列哪一組？,沙漠─駱駝、仙人掌,草原─獅、斑馬,森林─北極熊、馬來貘,凍原─旅鼠、北極熊。,3
自然,下列哪一種生物是臺灣的外來種生物？,馬櫻丹,橙腹樹蛙,臺灣獼猴,玉山圓柏。,1
自然,下列哪一個敘述不是臺灣政府為了維護生物多樣性而採取的行動？,設立國家公園,訂定生物多樣性公約,制定野生動物保育法,推動環境教育。,2
自然,下列關於布袋蓮的敘述，哪一項不正確？,原生於臺灣南部地區,繁殖力極強,會阻塞河道,花朵美麗，可作為觀賞之用。,1
自然,下列哪兩組生物間的關係相同？,?魚和鯊魚—平腹小蜂和椿象,鳥巢蕨和雀榕—菟絲子和植物,螞蟻和蚜蟲—榕果小蜂和榕樹,?魚和鯊魚—跳蚤和狗。,3
自然,當環境特徵是「乾燥、缺水、日夜溫差大」時，最有可能是下列哪一種生態系？,森林生態系,凍原生態系,沙漠生態系,草原生態系。,3
自然,隨意引進外來種生物，可能會造成什麼的負面影響？,使生物種類大量增加,使生物多樣性變得更豐富,增加人類公共衛生的常識,使生態環境受到威脅。,4
自然,小華想對維護生物多樣性貢獻一些心力，他的下列哪一個行動不正確？,不捕捉野生動物,不捕捉野生動物當寵物飼養,從寵物店買動物再放生到野外,不隨意引進外來的動物、植物。,3
自然,下列哪一組生物之間的關係是寄生關係？,?魚和鯊魚,鳥巢蕨和雀榕,菟絲子和植物,蝴蝶蘭和樹木。,3
自然,下列哪一種生物因為大量繁殖，已經危害到臺灣的原生種生物？,彈塗魚,斑腿樹蛙,食蛇龜,黑面琵鷺。,2
自然,下列哪一種生物不是適合生存在河口生態系的生物？,水筆仔,小白鷺,招潮蟹,臺灣獼猴。,4
自然,下列哪一種生物不是臺灣特有種？,昭和草,玉山薄雪草,臺灣獼猴,臺灣藍鵲。,1
自然,下列哪一種生態系的生物，能長時間不喝水，適應乾燥環境？,海洋,凍原,森林,沙漠。,4
自然,下列哪一項不是河口生態系的特徵？,受到海水漲潮和退潮的影響，水位高度會改變,有海葵和珊瑚礁生長,環境中的鹽分濃度有時高、有時低,大量泥沙和營養物質沉積在這裡。,2
自然,下列關於外來入侵種生物對臺灣的自然環境的影響，哪一項是正確的？,使物種更豐富,占據臺灣原生生物的生存空間,增進臺灣原生生物的繁殖力,不會產生任何影響。,2
自然,"""假日時，哥哥和朋友一起去爬山，當他們到達大海拔約3,000公尺的高度時，不會看到下列哪一種情形？""",有高大的針葉林,地表大多是碎石,山路兩旁長滿仙人掌,氣溫比平地低。,3
自然,下列哪一種外來入侵種植物會覆蓋在水面，影響水中生物的生存？,銀膠菊,銀合歡,布袋蓮,小花蔓澤蘭。,3
自然,大量將國外的動物、植物引進臺灣，會造成什麼影響？,增加臺灣生物的多樣性，讓不同物種彼此能和平共存,增加臺灣經濟的競爭力，只有好處沒有壞處,使臺灣的生物互相競爭，讓所有的臺灣原生種增加繁殖力,破壞臺灣的生態平衡，嚴重時甚至會影響糧食產量。,4
自然,關於河口生態系環境的特色，下列哪一項敘述不正確？,位在河川和海洋交界,環境中的水分較多,水位漲落和鹽分含量的變化大,日照少，通常很陰暗。,4
自然,植物的葉子因生長環境不同，形狀也會不同；請從沙漠生態系的特色來分析，生長在沙漠中的仙人掌，葉子是針狀的主要功能是什麼呢？,防止水分散失,可以獲取更多陽光,防止風沙,儲存水分。,1
自然,對於引進外來種生物可能造成的影響，下列哪一項敘述是不正確的？,對生態和經濟造成危害,增加生物的多樣性，使環境生態更穩定,缺乏天敵制衡而大量擴散,使原生生物生存受到威脅。,2
自然,下列哪一種生物的種子會在母樹上發芽，成熟後才脫離母樹，掉落在泥灘中獨立成長，適合於河口生態系生存？,筆筒樹,牽牛花,水筆仔,榕樹。,3
自然,阿寶和爸媽去南投一帶旅遊，發現路旁有政府標語宣導「收購小花蔓澤蘭」，小花蔓澤蘭是一種外來種生物，政府這種作法是為了什麼目的？,幫助開墾山坡地,將小花蔓澤蘭移植到其他山區,適當修剪能讓小花蔓澤蘭長得更好,鼓勵人們剷除小花蔓澤蘭這種外來入侵種生物。,4
自然,玉山杜鵑是臺灣特有種植物，它的葉子不但較硬且厚，而且邊緣反捲，請問這種構造的主要目的是什麼？,加速進行光合作用,吸收空氣中的水分和養分,避免水分散失,幫助幼苗生長。,3
自然,下列哪一項不會使生物多樣性受到威脅？,過度開發森林,大量建造工廠排放廢氣,復育森林，種植樹木,過度捕撈海魚。,3
自然,下列哪一種生物在生態系中主要扮演分解者的角色？,真菌,酢漿草,樹蛙,鷹。,1
自然,關於綠鬣蜥的敘述，下列哪一項不正確？,在臺灣沒有天敵,原本引進的用途是當作寵物,會捕食蛙類蝌蚪,會造成農業經濟損失及生態失衡。,3
自然,在生物配對遊戲中，小華在溪流生態系圖上貼了溪哥、跳鼠、藻類及蝦子的圖卡，請問以上哪一種生物貼錯了？,溪哥,跳鼠,藻類,蝦子。,2
